rank,title,author,price,format,rating,review_count,isbn10,isbn13,page_count,category,target_age_range,timestamp,asin,product_url,image_url,category_ranks
1,Guess How Much I Love You: The beloved classic and perfect Valentines gift,Sam McBratney,4.0,Board book,4.8,8839.0,,9781406358780,32,Classic Books,,2025-02-14T09:19:10.528016,1406358789,https://www.amazon.co.uk/Guess-How-Much-Love-You/dp/1406358789,https://images-eu.ssl-images-amazon.com/images/P/1406358789.01.L.jpg,1 in Classics for Children | 1 in Children's Books on Valentine's Day | 2 in Fiction About Family for Children
2,Dear Zoo: The Lift-the-flap Preschool Classic,Rod Campbell,4.0,Board book,4.8,30642.0,1529074932,9781529074932,18,Classic Books,1-3,2025-02-14T09:19:10.530872,1529074932,https://www.amazon.co.uk/Dear-Zoo-Anniversary-Rod-Campbell/dp/1529074932,https://images-eu.ssl-images-amazon.com/images/P/1529074932.01.L.jpg,1 in Children's Early Learning Books on Size & Shape | 2 in Classics for Children | 5 in Activity Books for Children
3,We're Going on a Bear Hunt: The bestselling classic family favourite,Michael Rosen,4.0,Paperback,4.8,4817.0,0744523230,9780744523232,40,Classic Books,2-4,2025-02-14T09:19:10.533196,0744523230,https://www.amazon.co.uk/Were-Going-Bear-Michael-Rosen/dp/0744523230,https://images-eu.ssl-images-amazon.com/images/P/0744523230.01.L.jpg,1 in Children's Early Learning Books on Words | 3 in Classics for Children | 7 in Activity Books for Children
4,The Tiger Who Came to Tea,Judith Kerr,4.5,Paperback,4.8,15698.0,0007368380,9780007215997,32,Classic Books,2-4,2025-02-14T09:19:10.535332,0007215991,https://www.amazon.co.uk/Tiger-Who-Came-Tea/dp/0007215991,https://images-eu.ssl-images-amazon.com/images/P/0007215991.01.L.jpg,2 in Children’s Daily Activity Fiction Books | 2 in Doctors & Medicine Humour | 4 in Classics for Children
5,"The Gruffalo (The Gruffalo, 1)",Julia Donaldson,6.39,Board book,4.9,17004.0,,9781509830398,24,Classic Books,2-4,2025-02-14T09:19:10.536996,1509830391,https://www.amazon.co.uk/Gruffalo-Julia-Donaldson/dp/1509830391,https://images-eu.ssl-images-amazon.com/images/P/1509830391.01.L.jpg,"2 in Horror & Ghost Stories for Children | 3 in Dragons, Unicorns & Mythical Creatures Tales for Children | 5 in Classics for Children"
6,Where's Spot?: Eric Hill (Spot - Original Lift The Flap),Eric Hill,5.0,Hardcover,4.8,34222.0,0723263663,9780723263661,22,Classic Books,1-2,2025-02-14T09:19:10.538812,0723263663,https://www.amazon.co.uk/Wheres-Spot-Original-Lift-Flap/dp/0723263663,https://images-eu.ssl-images-amazon.com/images/P/0723263663.01.L.jpg,6 in Classics for Children | 7 in Children's Books on Dogs | 14 in Children's Books on Mammals
7,Oh Dear!: A Lift-the-flap Farm Book from the Creator of Dear Zoo,Rod Campbell,4.0,Board book,4.8,2668.0,1529097886,9781529097887,18,Classic Books,,2025-02-14T09:19:10.540507,1529097886,https://www.amazon.co.uk/Oh-Dear-Rod-Campbell/dp/1529097886,https://images-eu.ssl-images-amazon.com/images/P/1529097886.01.L.jpg,1 in Children's Books on Easter | 3 in Children's Books on Country & Farm Life | 3 in Children's Books on Farm Animals
8,Stephen King,Stephen King,20.0,Hardcover,,,1444919342,9781444919349,48,Classic Books,,2025-02-14T09:19:10.673834,1444919342,https://www.amazon.co.uk/Hansel-Gretel-Stephen-King/dp/1444919342,https://images-eu.ssl-images-amazon.com/images/P/1444919342.01.L.jpg,"5 in Fairy Tales, Folk Tales & Myths for Children (Books) | 8 in Classics for Children | 12 in Primary School Textbooks"
9,Love You Forever,Robert Munsch,,Paperback,4.7,61887.0,0920668372,9780920668375,32,Classic Books,1-5,2025-02-14T09:19:10.732437,0920668372,https://www.amazon.co.uk/Love-You-Forever-Robert-Munsch/dp/0920668372,https://images-eu.ssl-images-amazon.com/images/P/0920668372.01.L.jpg,6 in Fiction About Emotions & Feelings for Children | 9 in Children's Books on Emotions & Feelings | 9 in Classics for Children
10,"Fox's Socks: A Lift-the-flap Story (Tales From Acorn Wood, 1)",Julia Donaldson,4.0,Board book,4.8,6907.0,1529023475,9781529023473,12,Classic Books,1-3,2025-02-14T09:19:10.736062,1529023475,https://www.amazon.co.uk/Foxs-Socks-Anniversary-Tales-Acorn/dp/1529023475,https://images-eu.ssl-images-amazon.com/images/P/1529023475.01.L.jpg,1 in Children's Books on Fashion Crafts | 2 in Children's Books on Home | 3 in Children’s Daily Activity Fiction Books
11,"Rabbit's Nap: A Lift-the-flap Book (Tales From Acorn Wood, 4)",Julia Donaldson,4.0,Board book,4.8,6613.0,1529023521,9781529023527,12,Classic Books,1-2,2025-02-14T09:19:10.749283,1529023521,https://www.amazon.co.uk/Rabbits-Nap-Anniversary-Tales-Acorn/dp/1529023521,https://images-eu.ssl-images-amazon.com/images/P/1529023521.01.L.jpg,2 in Children's Books on Easter | 3 in Children's Books on Rabbits | 3 in Children's Early Learning Books on Sounds
12,"Postman Bear: A Lift-the-flap Story (Tales From Acorn Wood, 3)",Julia Donaldson,4.0,Board book,4.8,3072.0,152902353X,9781529023534,12,Classic Books,1-2,2025-02-14T09:19:10.757784,152902353X,https://www.amazon.co.uk/Postman-Bear-Anniversary-Tales-Acorn/dp/152902353X,https://images-eu.ssl-images-amazon.com/images/P/152902353X.01.L.jpg,4 in Children's Early Learning Books on Numbers & Counting | 5 in Children's Books on Bears | 10 in Children's Books on Holidays & Celebrations
13,"The Tiger Who Came to Tea: The nation’s favourite illustrated children’s book, from the author of Mog the Forgetful Cat",Judith Kerr,3.69,Kindle Edition,4.8,15698.0,,,32,Classic Books,,2025-02-14T09:19:10.761220,B007XJ70QI,https://www.amazon.co.uk/Tiger-Who-Came-Tea-ebook/dp/B007XJ70QI,https://images-eu.ssl-images-amazon.com/images/P/B007XJ70QI.01.L.jpg,"1 in Children's Imagination & Play Literature | 1 in Children's Classic Literature | 1 in Children's Lion, Tiger & Leopard eBooks"
14,"Hide-and-Seek Pig: A Lift-the-flap Story (Tales From Acorn Wood, 2)",Julia Donaldson,4.0,Board book,4.8,3984.0,1529023548,9781529023541,12,Classic Books,1-3,2025-02-14T09:19:10.764879,1529023548,https://www.amazon.co.uk/Hide-Seek-Pig-Anniversary-Tales/dp/1529023548,https://images-eu.ssl-images-amazon.com/images/P/1529023548.01.L.jpg,2 in Children's Books on Pigs | 3 in Children's Books on Sports & the Outdoors | 5 in Children's Books on Farm Animals
15,Harry Potter Children's Collection: The Complete Collection (Children's Paperback),J.K. Rowling,40.0,Paperback,4.9,37069.0,,9781408856772,3872,Classic Books,8+,2025-02-14T09:19:10.768745,1408856778,https://www.amazon.co.uk/Harry-Potter-Box-Set-Collection/dp/1408856778,https://images-eu.ssl-images-amazon.com/images/P/1408856778.01.L.jpg,2 in Fiction Classics for Young Adults | 2 in Chapter Books for Children | 6 in Contemporary Fantasy for Young Adults
16,The Boy Who Grew Dragons (The Boy Who Grew Dragons 1),Andy Shepherd,6.03,Paperback,4.7,5279.0,,9781848126497,224,Classic Books,5-8,2025-02-14T09:19:10.771519,1848126492,https://www.amazon.co.uk/Boy-Who-Grew-Dragons/dp/1848126492,https://images-eu.ssl-images-amazon.com/images/P/1848126492.01.L.jpg,1 in Intermediate & Advanced Readers for Children | 1 in Visionary & Metaphysical Fantasy Fiction for Children | 3 in Fiction About Values & Virtues for Children
17,Guess How Much I Love You: The perfect Valentine's gift,Sam McBratney,6.29,Hardcover,4.6,1489.0,1406396818,9781406396812,32,Classic Books,,2025-02-14T09:19:10.773600,1406396818,https://www.amazon.co.uk/Guess-How-Much-Love-You/dp/1406396818,https://images-eu.ssl-images-amazon.com/images/P/1406396818.01.L.jpg,10 in Fiction About Emotions & Feelings for Children | 16 in Children's Books on Emotions & Feelings | 17 in Classics for Children
18,The Cat in the Hat: The classic funny children's book from Dr Seuss perfect for early readers ages 3 – 7,Dr. Seuss,5.0,Paperback,4.8,21013.0,000734869X,9780007348695,64,Classic Books,2-6,2025-02-14T09:19:10.778025,000734869X,https://www.amazon.co.uk/Cat-Hat-Dr-Seuss/dp/000734869X,https://images-eu.ssl-images-amazon.com/images/P/000734869X.01.L.jpg,"2 in Magic & Fantasy Graphic Novels | 13 in Humorous Verse | 18 in Early Reader's Rhymes, Verse & Wordplay for Children"
19,Goodnight Moon,Margaret Wise Brown,7.35,Board book,4.7,48240.0,,9781509831975,32,Classic Books,1-3,2025-02-14T09:19:10.780106,1509831975,https://www.amazon.co.uk/Goodnight-Moon-Margaret-Wise-Brown/dp/1509831975,https://images-eu.ssl-images-amazon.com/images/P/1509831975.01.L.jpg,5 in Children's Bedtime & Dream Books | 5 in Children’s Daily Activity Fiction Books | 5 in Children’s Daily Activity Books
20,Harry Potter and the Prisoner of Azkaban (Bloomsbury Publishing),J.K. Rowling,4.0,Paperback,4.8,97021.0,1408855674,9781408855676,480,Classic Books,8+,2025-02-14T09:19:10.782033,1408855674,https://www.amazon.co.uk/Harry-Potter-Prisoner-Azkaban/dp/1408855674,https://images-eu.ssl-images-amazon.com/images/P/1408855674.01.L.jpg,3 in Fiction Classics for Young Adults | 4 in Chapter Books for Children | 8 in Contemporary Fantasy for Young Adults
21,Harry Potter and the Goblet of Fire (Bloomsbury Publishing),J.K. Rowling,4.0,Paperback,4.8,87605.0,1408855682,9781408855683,640,Classic Books,9+,2025-02-14T09:19:10.784508,1408855682,https://www.amazon.co.uk/Harry-Potter-Goblet-Fire/dp/1408855682,https://images-eu.ssl-images-amazon.com/images/P/1408855682.01.L.jpg,4 in Fiction Classics for Young Adults | 5 in Chapter Books for Children | 9 in Contemporary Fantasy for Young Adults
22,"Harry Potter and the Order of the Phoenix (Harry Potter, 5)",J.K. Rowling,4.0,Paperback,4.8,86479.0,,9781408855690,816,Classic Books,9+,2025-02-14T09:19:10.787891,1408855690,https://www.amazon.co.uk/Harry-Potter-Order-Phoenix/dp/1408855690,https://images-eu.ssl-images-amazon.com/images/P/1408855690.01.L.jpg,6 in Fiction Classics for Young Adults | 6 in Chapter Books for Children | 10 in Contemporary Fantasy for Young Adults
23,"Brown Bear, Brown Bear, What Do You See?",Eric Carle,6.99,Board book,4.8,52236.0,0241137292,9780241137291,28,Classic Books,1-3,2025-02-14T09:19:10.789973,0241137292,https://www.amazon.co.uk/Brown-Bear-What-You-See/dp/0241137292,https://images-eu.ssl-images-amazon.com/images/P/0241137292.01.L.jpg,3 in Children's Early Learning Books on Colours | 4 in Children's Early Learning Books on Sounds | 6 in Children's Books on Bears
24,Each Peach Pear Plum,Allan Ahlberg,6.99,Board book,4.7,4855.0,0141379529,9780141379524,34,Classic Books,1-3,2025-02-14T09:19:10.791837,0141379529,https://www.amazon.co.uk/Each-Peach-Pear-Allan-Ahlberg/dp/0141379529,https://images-eu.ssl-images-amazon.com/images/P/0141379529.01.L.jpg,"3 in Nursery Rhymes for Children (Books) | 21 in Early Reader's Rhymes, Verse & Wordplay for Children | 24 in Classics for Children"
25,Matilda,Roald Dahl,4.0,Paperback,4.8,21236.0,024155831X,9780241558317,384,Classic Books,6-8,2025-02-14T09:19:10.794407,024155831X,https://www.amazon.co.uk/Matilda-Special-Roald-Dahl/dp/024155831X,https://images-eu.ssl-images-amazon.com/images/P/024155831X.01.L.jpg,1 in Children's Fiction on Bullying | 1 in Young Adult Nonfiction on Adoption | 1 in Children's Books on Violence
26,The Gruffalo 25th Anniversary Edition: with a shiny gold foil cover and fun Gruffalo activities to make and do!,Julia Donaldson,4.0,Paperback,4.9,188.0,1035028395,9781035028399,32,Classic Books,2-5,2025-02-14T09:19:10.796642,1035028395,https://www.amazon.co.uk/Gruffalo-25th-Anniversary-shiny-material/dp/1035028395,https://images-eu.ssl-images-amazon.com/images/P/1035028395.01.L.jpg,"7 in Horror & Ghost Stories for Children | 16 in Dragons, Unicorns & Mythical Creatures Tales for Children | 17 in Children's Books on Mystery & Wonders"
27,"Skandar and the Unicorn Thief: The international, award-winning hit, and the biggest fantasy adventure series since Harry Potter (Volume 1)",A.F. Steadman,4.5,Paperback,4.7,1679.0,1398502731,9781398502734,400,Classic Books,9+,2025-02-14T09:19:10.799150,1398502731,https://www.amazon.co.uk/Skandar-Unicorn-Thief-major-fantasy/dp/1398502731,https://images-eu.ssl-images-amazon.com/images/P/1398502731.01.L.jpg,1 in Children's Books on Horses | 4 in Children's Books on Sports & the Outdoors | 8 in Science Fiction for Children
28,We're Going on a Bear Hunt: The bestselling classic in a super-sturdy board book for babies and toddlers,Michael Rosen,7.32,Board book,4.8,4605.0,1406363073,9781406363074,36,Classic Books,1-3,2025-02-14T09:19:10.802715,1406363073,https://www.amazon.co.uk/Were-Going-Bear-Michael-Rosen/dp/1406363073,https://images-eu.ssl-images-amazon.com/images/P/1406363073.01.L.jpg,8 in Children's Early Learning Books on Words | 28 in Classics for Children | 77 in Action & Adventure for Children (Books)
29,Charlie and the Chocolate Factory,Roald Dahl,6.99,Audible Audiobook,4.7,857.0,,,,Classic Books,,2025-02-14T09:19:10.808397,B0CS4HJRRG,https://www.amazon.co.uk/Charlie-and-the-Chocolate-Factory/dp/B0CS4HJRRG,https://images-eu.ssl-images-amazon.com/images/P/B0CS4HJRRG.01.L.jpg,
30,Charlie and the Chocolate Factory,Roald Dahl,5.0,Paperback,4.7,19861.0,0007307187,9780241558324,336,Classic Books,6-9,2025-02-14T09:19:10.811411,0241558328,https://www.amazon.co.uk/Charlie-Chocolate-Factory-Roald-Dahl/dp/0241558328,https://images-eu.ssl-images-amazon.com/images/P/0241558328.01.L.jpg,8 in Fiction Classics for Young Adults | 10 in Doctors & Medicine Humour | 10 in Humorous Fiction for Young Adults
1,"Football Kit Designer Colouring Book for Kids: Design Your Own Football Kit, Jersey, Boots and More | 50 Unique Football Colouring Pages and Football Facts",Kickstart Creatives,6.99,Paperback,4.6,169.0,,9798322166856,108,Sport and Outdoors,7-10,2025-02-14T09:19:11.848707,B0D12PYZYQ,https://www.amazon.co.uk/Football-Designer-Colouring-Book-Kids/dp/B0D12PYZYQ,https://images-eu.ssl-images-amazon.com/images/P/B0D12PYZYQ.01.L.jpg,1 in Celtic Glasgow | 1 in Children's Books on Football | 7 in Colouring Books for Children
2,Tom Palmer,Tom Palmer,1.0,Paperback,,,1837864144,9781837864140,80,Sport and Outdoors,,2025-02-14T09:19:11.850416,1837864144,https://www.amazon.co.uk/Soccer-Diaries-Rocky-Takes-World/dp/1837864144,https://images-eu.ssl-images-amazon.com/images/P/1837864144.01.L.jpg,2 in Children's Books on Sports & the Outdoors | 4 in Short Story Collections for Children | 32 in Fiction About Friendship for Children
3,"Hide-and-Seek Pig: A Lift-the-flap Story (Tales From Acorn Wood, 2)",Julia Donaldson,4.0,Board book,4.8,3984.0,1529023548,9781529023541,12,Sport and Outdoors,1-3,2025-02-14T09:19:11.852025,1529023548,https://www.amazon.co.uk/Hide-Seek-Pig-Anniversary-Tales/dp/1529023548,https://images-eu.ssl-images-amazon.com/images/P/1529023548.01.L.jpg,2 in Children's Books on Pigs | 3 in Children's Books on Sports & the Outdoors | 5 in Children's Books on Farm Animals
4,"Skandar and the Unicorn Thief: The international, award-winning hit, and the biggest fantasy adventure series since Harry Potter (Volume 1)",A.F. Steadman,4.5,Paperback,4.7,1679.0,1398502731,9781398502734,400,Sport and Outdoors,9+,2025-02-14T09:19:11.854056,1398502731,https://www.amazon.co.uk/Skandar-Unicorn-Thief-major-fantasy/dp/1398502731,https://images-eu.ssl-images-amazon.com/images/P/1398502731.01.L.jpg,1 in Children's Books on Horses | 4 in Children's Books on Sports & the Outdoors | 8 in Science Fiction for Children
5,The Football GOAT: Messi v. Ronaldo: Who is the greatest of all time?,Matt Oldfield,4.5,Paperback,4.5,80.0,1529521025,9781529521023,160,Sport and Outdoors,9-12,2025-02-14T09:19:11.855717,1529521025,https://www.amazon.co.uk/Football-GOAT-Messi-Ronaldo-greatest/dp/1529521025,https://images-eu.ssl-images-amazon.com/images/P/1529521025.01.L.jpg,1 in South American Football | 1 in Sports & Recreation Biographies for Children | 1 in Children's Books on American Football
6,Ultimate Football Heroes 2025: the perfect World Book Day gift for fans of the beautiful game,Matt & Tom Oldfield,7.85,Paperback,4.4,85.0,1789467527,9781789467529,336,Sport and Outdoors,,2025-02-14T09:19:11.858064,1789467527,https://www.amazon.co.uk/Ultimate-Football-Heroes-2025/dp/1789467527,https://images-eu.ssl-images-amazon.com/images/P/1789467527.01.L.jpg,1 in Football Fans | 2 in Intermediate & Advanced Readers for Children | 2 in Children's Books on American Football
7,"The Breakfast Club Adventures: The Beast Beyond the Fence: 1 (The Breakfast Club Adventures, 1)",Marcus Rashford,4.0,Paperback,4.7,1335.0,1529076625,9781529076622,272,Sport and Outdoors,7-10,2025-02-14T09:19:11.859695,1529076625,https://www.amazon.co.uk/Breakfast-Club-Adventures-Beast-Beyond/dp/1529076625,https://images-eu.ssl-images-amazon.com/images/P/1529076625.01.L.jpg,4 in Children's Books on Football | 5 in Sports Humour | 20 in Children's Books on School
8,Skandar and the Chaos Trials: The INSTANT NUMBER ONE BESTSELLER in the biggest fantasy adventure series since Harry Potter (Volume 3),A.F. Steadman,6.49,Paperback,4.8,977.0,1398502960,9781398502963,416,Sport and Outdoors,10-12,2025-02-14T09:19:11.861451,1398502960,https://www.amazon.co.uk/Skandar-Chaos-Trials-BESTSELLER-adventure/dp/1398502960,https://images-eu.ssl-images-amazon.com/images/P/1398502960.01.L.jpg,4 in Fiction About Parents for Young Adults | 5 in Fiction About Siblings for Young Adults | 7 in Fantasy & Supernatural Mysteries & Thrillers for Young Adults
9,"Simone Biles (103) (Little People, BIG DREAMS)",Maria Isabel Sanchez Vegara,7.26,Hardcover,4.7,105.0,0711285780,9780711285781,32,Sport and Outdoors,6-8,2025-02-14T09:19:11.863079,0711285780,https://www.amazon.co.uk/Simone-Biles-Little-People-DREAMS/dp/0711285780,https://images-eu.ssl-images-amazon.com/images/P/0711285780.01.L.jpg,1 in Children's Books on the Olympics | 1 in Athletics Biographies | 1 in Children's Books on Marriage & Divorce
10,The Most Incredible True Football Stories (You Never Knew): Winner of the Telegraph Children's Sports Book of the Year (Unbelievable Football),Matt Oldfield,6.42,Paperback,4.7,1891.0,1526362449,9781526362445,240,Sport and Outdoors,8-11,2025-02-14T09:19:11.864698,1526362449,https://www.amazon.co.uk/Unbelievable-Football-Incredible-Stories-Never/dp/1526362449,https://images-eu.ssl-images-amazon.com/images/P/1526362449.01.L.jpg,1 in Football References | 3 in Sports & Recreation Biographies for Children | 5 in Children's Books on Football
11,The Academy: 1 (The Academy Series),T.Z. Layton,9.19,Paperback,4.8,1355.0,1955804087,9781955804080,306,Sport and Outdoors,9-11,2025-02-14T09:19:11.866376,1955804087,https://www.amazon.co.uk/Academy-T-Z-Layton/dp/1955804087,https://images-eu.ssl-images-amazon.com/images/P/1955804087.01.L.jpg,4 in Intermediate & Advanced Readers for Children | 4 in Children's Fiction on Maturing | 6 in Football (Books)
12,"Boot It!: World Book Day 2023 - A Boy, Everywhere story",A. M. Dassu,1.0,Paperback,4.7,47.0,1910646830,9781910646830,128,Sport and Outdoors,10-14,2025-02-14T09:19:11.867998,1910646830,https://www.amazon.co.uk/Boot-World-Book-Day-2023/dp/1910646830,https://images-eu.ssl-images-amazon.com/images/P/1910646830.01.L.jpg,1 in Exploring Europe for Children | 2 in Children's Books on Prejudice & Racism | 3 in Children's Fiction on Prejudice & Racism
13,Football Colouring Book For Kids: Ages 4-8,The Future Teacher Foundation,3.99,Paperback,4.6,368.0,1090953607,9781090953605,64,Sport and Outdoors,5-7,2025-02-14T09:19:11.869609,1090953607,https://www.amazon.co.uk/Football-Colouring-Book-Kids-Ages/dp/1090953607,https://images-eu.ssl-images-amazon.com/images/P/1090953607.01.L.jpg,1 in Premier League Football | 1 in Football Skills & Coaching | 2 in Football Fans
14,Ultimate Football Heroes Colouring Book: the perfect World Book Day gift for fans of the beautiful game!,Ultimate Football Heroes,7.35,Paperback,4.6,313.0,1800784015,9781800784017,80,Sport and Outdoors,,2025-02-14T09:19:11.871221,1800784015,https://www.amazon.co.uk/Ultimate-Football-Heroes-Colouring-football/dp/1800784015,https://images-eu.ssl-images-amazon.com/images/P/1800784015.01.L.jpg,2 in FIFA | 3 in Football Fans | 8 in Children's Books on Football
15,Ultimate Football Heroes: Ronaldo (Wing Wizards 1): Collect them all!,Matt Oldfield Ltd,4.3,Paperback,4.7,1752.0,1786064057,9781786064059,192,Sport and Outdoors,8-12,2025-02-14T09:19:11.872942,1786064057,https://www.amazon.co.uk/Ronaldo-Ultimate-Football-Heroes-Collect/dp/1786064057,https://images-eu.ssl-images-amazon.com/images/P/1786064057.01.L.jpg,2 in South American Football | 3 in Football Biographies (Books) | 4 in Sports & Recreation Biographies for Children
16,Cristiano Ronaldo - Children's Story Book: Incredible Biography of CR7. A Great Football/Soccer Player - Animated with Illustrations to Inspire Kids (Kids Who Dared to Dream),Little Believer's Library,6.99,Paperback,4.4,166.0,,9798861531498,40,Sport and Outdoors,4-10,2025-02-14T09:19:11.874592,B0CJD7KD6Y,https://www.amazon.co.uk/Cristiano-Ronaldo-Childrens-Incredible-Illustrations/dp/B0CJD7KD6Y,https://images-eu.ssl-images-amazon.com/images/P/B0CJD7KD6Y.01.L.jpg,3 in South American Football | 4 in Football Biographies (Books) | 10 in Children's Books on Football
17,"Dork Diaries: Skating Sensation: Jokes, Drama and BFFs in the perfect stocking filler this Christmas (Volume 4)",Rachel Renee Russell,5.99,Paperback,4.8,1189.0,1398527580,9781398527584,368,Sport and Outdoors,,2025-02-14T09:19:11.876216,1398527580,https://www.amazon.co.uk/Dork-Diaries-Skating-Sensation-4/dp/1398527580,https://images-eu.ssl-images-amazon.com/images/P/1398527580.01.L.jpg,4 in Children's Books on Christmas | 10 in Sports Humour | 12 in Jokes & Riddles Humour
18,The Football School Encyclopedia: Everything you want to know about football,Alex Bellos,12.15,Hardcover,4.6,157.0,1529507588,9781529507584,144,Sport and Outdoors,7-11,2025-02-14T09:19:11.877829,1529507588,https://www.amazon.co.uk/Football-School-Encyclopedia-Everything-football/dp/1529507588,https://images-eu.ssl-images-amazon.com/images/P/1529507588.01.L.jpg,"1 in Sports, Hobby & Games Encyclopaedias | 1 in Humour Encyclopaedias | 3 in Children's Books on American Football"
19,Official Liverpool FC Annual 2025,Grange,6.99,Hardcover,4.7,110.0,1915879884,9781915879882,64,Sport and Outdoors,,2025-02-14T09:19:11.880571,1915879884,https://www.amazon.co.uk/Official-Liverpool-FC-Annual-2025/dp/1915879884,https://images-eu.ssl-images-amazon.com/images/P/1915879884.01.L.jpg,1 in FC Liverpool | 1 in Books on Football for Young Adults | 2 in Football References
20,"Lewis Hamilton (97) (Little People, BIG DREAMS)",Maria Isabel Sanchez Vegara,7.52,Hardcover,4.9,234.0,071128315X,9780711283152,32,Sport and Outdoors,6-8,2025-02-14T09:19:11.882832,071128315X,https://www.amazon.co.uk/Lewis-Hamilton-Little-People-DREAMS/dp/071128315X,https://images-eu.ssl-images-amazon.com/images/P/071128315X.01.L.jpg,1 in Biographies of Social Activists for Children | 1 in Children's Books on Motor Sports | 2 in Multicultural Biographies for Children
21,"Leo Messi (Little People, BIG DREAMS)",Maria Isabel Sanchez Vegara,7.9,Hardcover,4.9,242.0,0711290571,9780711290570,32,Sport and Outdoors,6-8,2025-02-14T09:19:11.884755,0711290571,https://www.amazon.co.uk/Leo-Messi-Little-People-DREAMS/dp/0711290571,https://images-eu.ssl-images-amazon.com/images/P/0711290571.01.L.jpg,6 in Sports & Recreation Biographies for Children | 13 in Children's Books on Football | 16 in Children & Young Adult Biographies
22,Where's the Footballer?: A Search-and-Find Book (Fun With Ladybird),Gary Panton,7.35,Paperback,4.5,34.0,0241687683,9780241687680,32,Sport and Outdoors,,2025-02-14T09:19:11.887056,0241687683,https://www.amazon.co.uk/Wheres-Footballer-Search-Find-Ladybird/dp/0241687683,https://images-eu.ssl-images-amazon.com/images/P/0241687683.01.L.jpg,14 in Children's Books on Football | 23 in Hidden Picture Books for Children | 80 in Children's Books on Games
23,Football's Greatest Moments (Ultimate Football Heroes - The No.1 football series): Collect Them All!: Volume 79,Tom Palmer,4.82,Paperback,4.5,181.0,1789467152,9781789467154,176,Sport and Outdoors,7-11,2025-02-14T09:19:11.888671,1789467152,https://www.amazon.co.uk/Footballs-Greatest-Moments-Ultimate-Football/dp/1789467152,https://images-eu.ssl-images-amazon.com/images/P/1789467152.01.L.jpg,3 in Football Fans | 15 in Children's Books on Football | 34 in Children's Books on History
24,"The Breakfast Club Adventures: The Headless Ghost (The Breakfast Club Adventures, 5)",Marcus Rashford,4.0,Paperback,4.7,28.0,1035053942,9781035053940,256,Sport and Outdoors,9-11,2025-02-14T09:19:11.891302,1035053942,https://www.amazon.co.uk/Breakfast-Club-Adventures-Headless-Ghost/dp/1035053942,https://images-eu.ssl-images-amazon.com/images/P/1035053942.01.L.jpg,2 in Children's Fiction on Sexuality | 7 in Children's Nonfiction on Sexuality & Pregnancy | 16 in Children's Books on Football
25,Karun Chandhok,Karun Chandhok,8.99,Paperback,,,152636705X,9781526367051,224,Sport and Outdoors,,2025-02-14T09:19:11.893582,152636705X,https://www.amazon.co.uk/Drive-Victory-Incredible-Stories-Fastest/dp/152636705X,https://images-eu.ssl-images-amazon.com/images/P/152636705X.01.L.jpg,3 in Children's Books on Cars & Trucks | 7 in Sports & Recreation Biographies for Children | 19 in Children & Young Adult Biographies
26,Match of the Day Annual 2025,,7.99,Hardcover,4.7,89.0,1785948385,9781785948381,96,Sport and Outdoors,,2025-02-14T09:19:11.896225,1785948385,https://www.amazon.co.uk/Match-Day-Annual-2025-Magazine/dp/1785948385,https://images-eu.ssl-images-amazon.com/images/P/1785948385.01.L.jpg,
27,Satisfying Patterns Colouring Book (Satisfying Patterns Colouring Books),ali,9.41,Paperback,4.5,398.0,,9798850162160,63,Sport and Outdoors,,2025-02-14T09:19:11.897870,B0C9S3G5JR,https://www.amazon.co.uk/Satisfying-Patterns-Colouring-Book-Books/dp/B0C9S3G5JR,https://images-eu.ssl-images-amazon.com/images/P/B0C9S3G5JR.01.L.jpg,
28,Messi (Ultimate Football Heroes - the No. 1 football series): Collect them all!,Matt & Tom Oldfield,5.22,Paperback,4.7,1548.0,1786064030,9781786064035,192,Sport and Outdoors,7-10,2025-02-14T09:19:11.899490,1786064030,https://www.amazon.co.uk/Messi-Ultimate-Football-Heroes-Collect/dp/1786064030,https://images-eu.ssl-images-amazon.com/images/P/1786064030.01.L.jpg,8 in Sports & Recreation Biographies for Children | 8 in Football Biographies (Books) | 18 in Children's Books on Football
29,Matt Oldfield,,16.62,Audible Audiobook,,,,,,Sport and Outdoors,,2025-02-14T09:19:11.901973,B0DQQG6WGF,https://www.amazon.co.uk/Audible-Yamal-Ultimate-Football-Heroes/dp/B0DQQG6WGF,https://images-eu.ssl-images-amazon.com/images/P/B0DQQG6WGF.01.L.jpg,
30,"Gymnastics Activity Book For Girls: Fun Gymnast Workbook, Includes Mazes, Word Searches, Coloring And MORE | Ideal For Ages 4, 5, 6, 7, 8",Activity Bandits,4.99,Paperback,4.3,41.0,,9798324693534,71,Sport and Outdoors,4-10,2025-02-14T09:19:11.904791,B0D39FN337,https://www.amazon.co.uk/Gymnastics-Activity-Book-Girls-Workbook/dp/B0D39FN337,https://images-eu.ssl-images-amazon.com/images/P/B0D39FN337.01.L.jpg,
1,The Let Them Theory: A Life-Changing Tool That Millions of People Can’t Stop Talking About,,22.74,Audible Audiobook,4.6,4289.0,,,,Teen and Young Adult,,2025-02-14T09:19:12.884265,B0DFMXWWX1,https://www.amazon.co.uk/Let-Them-Theory-Life-Changing-Millions/dp/B0DFMXWWX1,https://images-eu.ssl-images-amazon.com/images/P/B0DFMXWWX1.01.L.jpg,
2,Girl Moments: Coloring Book for Adults and Teens Featuring Cute Cozy Daily Activities for Relaxation,Coco Wyo,7.68,Paperback,4.6,1853.0,,9798344507460,88,Teen and Young Adult,,2025-02-14T09:19:12.885892,B0DL5SF36B,https://www.amazon.co.uk/Girl-Moments-Featuring-Activities-Relaxation/dp/B0DL5SF36B,https://images-eu.ssl-images-amazon.com/images/P/B0DL5SF36B.01.L.jpg,
3,A Court of Thorns and Roses,,20.99,Audible Audiobook,4.5,261380.0,,,,Teen and Young Adult,,2025-02-14T09:19:12.888444,B07955KZ1V,https://www.amazon.co.uk/Court-Thorns-Roses/dp/B07955KZ1V,https://images-eu.ssl-images-amazon.com/images/P/B07955KZ1V.01.L.jpg,
4,The Beat Goes On: The Complete Rebus Short Stories,,14.87,Audible Audiobook,4.4,2655.0,,,,Teen and Young Adult,,2025-02-14T09:19:12.890757,B00MXQDGY6,https://www.amazon.co.uk/Beat-Goes-Complete-Rebus-Stories/dp/B00MXQDGY6,https://images-eu.ssl-images-amazon.com/images/P/B00MXQDGY6.01.L.jpg,
5,"A Discovery of Witches: All Souls, Book 1",,14.87,Audible Audiobook,4.5,46250.0,,,,Teen and Young Adult,,2025-02-14T09:19:12.893059,B004NU711Y,https://www.amazon.co.uk/Discovery-Witches-Souls-Trilogy-Book/dp/B004NU711Y,https://images-eu.ssl-images-amazon.com/images/P/B004NU711Y.01.L.jpg,
6,Atomic Habits: The life-changing million-copy #1 bestseller,James Clear,9.99,Paperback,4.6,171681.0,1847941834,9781847941831,320,Teen and Young Adult,,2025-02-14T09:19:12.894826,1847941834,https://www.amazon.co.uk/Atomic-Habits-Proven-Build-Break/dp/1847941834,https://images-eu.ssl-images-amazon.com/images/P/1847941834.01.L.jpg,
7,"The Frozen People: Ali Dawson, Book 1",,20.99,Audible Audiobook,5.0,3.0,,,,Teen and Young Adult,,2025-02-14T09:19:12.898362,B0CXJD58NN,https://www.amazon.co.uk/Frozen-People-Ali-Dawson-Book/dp/B0CXJD58NN,https://images-eu.ssl-images-amazon.com/images/P/B0CXJD58NN.01.L.jpg,
8,Patrick Maguire,,14.87,Audible Audiobook,,,,,,Teen and Young Adult,,2025-02-14T09:19:12.900581,B0D81FD5DN,https://www.amazon.co.uk/Get-Inside-Story-Labour-Starmer/dp/B0D81FD5DN,https://images-eu.ssl-images-amazon.com/images/P/B0D81FD5DN.01.L.jpg,
9,The Hotel Avocado,,11.37,Audible Audiobook,4.5,2219.0,,,,Teen and Young Adult,,2025-02-14T09:19:12.903041,B0CZ4GWCSC,https://www.amazon.co.uk/Audible-The-Hotel-Avocado/dp/B0CZ4GWCSC,https://images-eu.ssl-images-amazon.com/images/P/B0CZ4GWCSC.01.L.jpg,
10,"Harry Potter and the Chamber of Secrets, Book 2",,17.99,Audible Audiobook,4.8,100070.0,,,,Teen and Young Adult,,2025-02-14T09:19:12.905316,B017V690CO,https://www.amazon.co.uk/Harry-Potter-Chamber-Secrets-Book/dp/B017V690CO,https://images-eu.ssl-images-amazon.com/images/P/B017V690CO.01.L.jpg,
11,What's Your Dream?: Find Your Passion. Love Your Work. Build a Richer Life.,,11.37,Audible Audiobook,4.9,295.0,,,,Teen and Young Adult,,2025-02-14T09:19:12.907755,B0CZ9T1XCC,https://www.amazon.co.uk/Whats-Your-Dream-Passion-Richer/dp/B0CZ9T1XCC,https://images-eu.ssl-images-amazon.com/images/P/B0CZ9T1XCC.01.L.jpg,
12,Pretty Girls,,11.37,Audible Audiobook,4.3,106366.0,,,,Teen and Young Adult,,2025-02-14T09:19:12.910052,B00YZ5F0RO,https://www.amazon.co.uk/Pretty-Girls/dp/B00YZ5F0RO,https://images-eu.ssl-images-amazon.com/images/P/B00YZ5F0RO.01.L.jpg,
13,"Harry Potter and the Prisoner of Azkaban, Book 3",,17.99,Audible Audiobook,4.8,97021.0,,,,Teen and Young Adult,,2025-02-14T09:19:12.912570,B017WGP97I,https://www.amazon.co.uk/Harry-Potter-Prisoner-Azkaban-Book/dp/B017WGP97I,https://images-eu.ssl-images-amazon.com/images/P/B017WGP97I.01.L.jpg,
14,"Harry Potter and the Goblet of Fire, Book 4",,32.99,Audible Audiobook,4.8,87605.0,,,,Teen and Young Adult,,2025-02-14T09:19:12.914876,B017WJM1E4,https://www.amazon.co.uk/Harry-Potter-Goblet-Fire-Book/dp/B017WJM1E4,https://images-eu.ssl-images-amazon.com/images/P/B017WJM1E4.01.L.jpg,
15,The Alice Network: A Novel,Kate Quinn,6.99,Kindle Edition,4.5,78572.0,,,564,Teen and Young Adult,,2025-02-14T09:19:12.916495,B01LZFL63S,https://www.amazon.co.uk/Alice-Network-Novel-Kate-Quinn-ebook/dp/B01LZFL63S,https://images-eu.ssl-images-amazon.com/images/P/B01LZFL63S.01.L.jpg,
16,"Harry Potter and the Order of the Phoenix, Book 5",,32.99,Audible Audiobook,4.8,86479.0,,,,Teen and Young Adult,,2025-02-14T09:19:12.918885,B017WO25UO,https://www.amazon.co.uk/Harry-Potter-Order-Phoenix-Book/dp/B017WO25UO,https://images-eu.ssl-images-amazon.com/images/P/B017WO25UO.01.L.jpg,
17,Beautiful Ugly,,11.37,Audible Audiobook,4.1,4382.0,,,,Teen and Young Adult,,2025-02-14T09:19:12.921180,B0D5JRVGQH,https://www.amazon.co.uk/Audible-Beautiful-Ugly/dp/B0D5JRVGQH,https://images-eu.ssl-images-amazon.com/images/P/B0D5JRVGQH.01.L.jpg,
18,The Anxious Generation: How the Great Rewiring of Childhood Is Causing an Epidemic of Mental Illness,Jonathan Haidt,5.49,Paperback,4.6,5798.0,1802063277,9781802063271,400,Teen and Young Adult,,2025-02-14T09:19:12.922795,1802063277,https://www.amazon.co.uk/Anxious-Generation-Rewiring-Childhood-Epidemic/dp/1802063277,https://images-eu.ssl-images-amazon.com/images/P/1802063277.01.L.jpg,
19,The Housemaid,,13.12,Audible Audiobook,4.5,450931.0,,,,Teen and Young Adult,,2025-02-14T09:19:12.925175,B09XRFTRFB,https://www.amazon.co.uk/Audible-The-Housemaid/dp/B09XRFTRFB,https://images-eu.ssl-images-amazon.com/images/P/B09XRFTRFB.01.L.jpg,
20,Unruly: A History of England's Kings and Queens,David Mitchell,11.37,Audible Audiobook,4.3,4799.0,,,,Teen and Young Adult,,2025-02-14T09:19:12.931671,B0C4PNCT3J,https://www.amazon.co.uk/Unruly-History-Englands-Kings-Queens/dp/B0C4PNCT3J,https://images-eu.ssl-images-amazon.com/images/P/B0C4PNCT3J.01.L.jpg,
21,Suzanne Collins,Suzanne Collins,9.99,Hardcover,,,070234057X,9780702340574,416,Teen and Young Adult,,2025-02-14T09:19:12.933919,070234057X,https://www.amazon.co.uk/Sunrise-Reaping-Hunger-Games-Novel/dp/070234057X,https://images-eu.ssl-images-amazon.com/images/P/070234057X.01.L.jpg,1 in Dystopian Sci-Fi Books for Young Adults | 1 in Young Adult Nonfiction on Marriage & Divorce | 1 in Political Leader Biographies
22,"Nemesis: Orphan X, Book 10",Gregg Hurwitz,14.87,Audible Audiobook,4.4,44.0,,,,Teen and Young Adult,,2025-02-14T09:19:12.936307,B0DG3HJK2C,https://www.amazon.co.uk/Nemesis-Orphan-X-Book-10/dp/B0DG3HJK2C,https://images-eu.ssl-images-amazon.com/images/P/B0DG3HJK2C.01.L.jpg,
23,"Disney Wings of Starlight: the sweeping, star-crossed romantic fantasy from bestselling author Allison Saft",Allison Saft,7.85,Paperback,4.6,180.0,1835871313,9781835871317,400,Teen and Young Adult,,2025-02-14T09:19:12.939338,1835871313,https://www.amazon.co.uk/Disney-Wings-Starlight-star-crossed-bestselling/dp/1835871313,https://images-eu.ssl-images-amazon.com/images/P/1835871313.01.L.jpg,1 in Myths & Legends for Young Adults | 1 in Fairy Tales & Folklore for Young Adults | 1 in Magical Realist Fiction for Young Adults
24,"Harry Potter and the Half-Blood Prince, Book 6",J.K. Rowling,32.99,Audible Audiobook,4.8,81710.0,,,,Teen and Young Adult,,2025-02-14T09:19:12.941703,B017WOPU9W,https://www.amazon.co.uk/Harry-Potter-Half-Blood-Prince-Book/dp/B017WOPU9W,https://images-eu.ssl-images-amazon.com/images/P/B017WOPU9W.01.L.jpg,
25,The List of Suspicious Things: The No.1 Sunday Times Bestseller,Jennie Godfrey,5.99,Kindle Edition,4.5,3322.0,,,454,Teen and Young Adult,,2025-02-14T09:19:12.943323,B0C68S8H51,https://www.amazon.co.uk/List-Suspicious-Things-Jennie-Godfrey-ebook/dp/B0C68S8H51,https://images-eu.ssl-images-amazon.com/images/P/B0C68S8H51.01.L.jpg,"2 in Teen & Young Adult eBooks | 6 in Coming of Age Fiction (Kindle Store) | 6 in Mystery, Thriller & Suspense Literary Fiction"
26,The Nazi Mind: Twelve Warnings From History,Laurence Rees,11.37,Audible Audiobook,4.7,17.0,,,,Teen and Young Adult,,2025-02-14T09:19:12.946288,B0DNNHTPK9,https://www.amazon.co.uk/Nazi-Mind-Twelve-Warnings-History/dp/B0DNNHTPK9,https://images-eu.ssl-images-amazon.com/images/P/B0DNNHTPK9.01.L.jpg,
27,Over My Dead Body,Maz Evans,11.37,Audible Audiobook,4.5,2595.0,,,,Teen and Young Adult,,2025-02-14T09:19:12.948627,B0BSVHMCZN,https://www.amazon.co.uk/Audible-Over-My-Dead-Body/dp/B0BSVHMCZN,https://images-eu.ssl-images-amazon.com/images/P/B0BSVHMCZN.01.L.jpg,
28,"Thrown: The glorious feel-good Sunday Times Bestseller of love, friendship and pottery",Sara Cox,0.99,Kindle Edition,4.1,20233.0,,,297,Teen and Young Adult,,2025-02-14T09:19:12.950293,B09KTVG3Q4,https://www.amazon.co.uk/Thrown-laugh-out-loud-friendship-heartbreak-beginners-ebook/dp/B09KTVG3Q4,https://images-eu.ssl-images-amazon.com/images/P/B09KTVG3Q4.01.L.jpg,"3 in Teen & Young Adult eBooks | 21 in Women's Contemporary Fiction | 26 in Women's Mystery, Thriller & Suspense Fiction"
29,Comfy Days: Coloring Book for Adults and Teens Featuring Super Cute Animal Characters in Cozy Hygge Moments for Relaxation,Coco Wyo,7.74,Paperback,4.7,1318.0,,9798332619991,90,Teen and Young Adult,,2025-02-14T09:19:12.951912,B0D94546DX,https://www.amazon.co.uk/Comfy-Days-Featuring-Characters-Relaxation/dp/B0D94546DX,https://images-eu.ssl-images-amazon.com/images/P/B0D94546DX.01.L.jpg,1 in Drawing Books for Young Adults | 2 in Cartooning Books for Young Adults
30,The Family Experiment,John Marrs,11.37,Audible Audiobook,4.4,6333.0,,,,Teen and Young Adult,,2025-02-14T09:19:12.954195,B0CMXYC74R,https://www.amazon.co.uk/Audible-The-Family-Experiment/dp/B0CMXYC74R,https://images-eu.ssl-images-amazon.com/images/P/B0CMXYC74R.01.L.jpg,
1,"Dog Man 13: Big Jim Begins (the latest laugh-out-loud, full-colour book in the Number One, millions-of-copies-selling series!)",Dav Pilkey,6.49,Hardcover,4.8,2823.0,1338896458,9781338896459,224,Comics and Graphic Novels,7-10,2025-02-14T09:19:14.540525,1338896458,https://www.amazon.co.uk/Dog-Man-laugh-out-loud-millions-copies-selling/dp/1338896458,https://images-eu.ssl-images-amazon.com/images/P/1338896458.01.L.jpg,1 in Humour for Children | 1 in Super-Hero Graphic Novels | 1 in Children's Humorous Comics & Graphic Novels
2,The Very Hungry Caterpillar [Board Book]: Eric Carle,Eric Carle,4.0,Board book,4.8,92823.0,0241003008,9780241003008,24,Comics and Graphic Novels,1-3,2025-02-14T09:19:14.542181,0241003008,https://www.amazon.co.uk/Very-Hungry-Caterpillar-Board-Book/dp/0241003008,https://images-eu.ssl-images-amazon.com/images/P/0241003008.01.L.jpg,1 in Children's Science & Nature Comics & Graphic Novels | 1 in Children's Books on Maths | 8 in Literature & Fiction for Children (Books)
3,Dog Man: From the Creator of Captain Underpants (Dog Man #1),Dav Pilkey,8.59,Paperback,4.8,25866.0,1407140396,9781407140391,240,Comics and Graphic Novels,7-9,2025-02-14T09:19:14.543893,1407140396,https://www.amazon.co.uk/Dog-Man-Dav-Pilkey/dp/1407140396,https://images-eu.ssl-images-amazon.com/images/P/1407140396.01.L.jpg,1 in General Humour | 2 in Super-Hero Graphic Novels | 2 in Children's Humorous Comics & Graphic Novels
4,Dog Man: Brawl of the Wild: From the Creator of Captain Underpants (Dog Man #6),Dav Pilkey,5.0,Paperback,4.8,23763.0,1407191942,9781407191942,224,Comics and Graphic Novels,7-10,2025-02-14T09:19:14.545748,1407191942,https://www.amazon.co.uk/Dog-Man-Creator-Captain-Underpants/dp/1407191942,https://images-eu.ssl-images-amazon.com/images/P/1407191942.01.L.jpg,2 in General Humour | 3 in Children's Humorous Comics & Graphic Novels | 3 in Mysteries & Detective Stories for Children
5,Dog Man 10: Mothering Heights (the latest book in the million-copy selling Dog Man series!),Dav Pilkey,4.0,Paperback,4.8,26101.0,0702313491,9780702313493,240,Comics and Graphic Novels,7-9,2025-02-14T09:19:14.547359,0702313491,https://www.amazon.co.uk/Dog-Man-10-Mothering-million-copy/dp/0702313491,https://images-eu.ssl-images-amazon.com/images/P/0702313491.01.L.jpg,4 in Children's Mystery & Detective Comics & Graphic Novels | 4 in Super-Hero Graphic Novels | 4 in Children's Animal Comics & Graphic Novels
6,Dog Man Unleashed: From the Creator of Captain Underpants (Dog Man #2),Dav Pilkey,8.27,Paperback,4.8,24881.0,1407186604,9781407186603,224,Comics and Graphic Novels,7-9,2025-02-14T09:19:14.548955,1407186604,https://www.amazon.co.uk/Adventures-Dog-Man-Unleashed/dp/1407186604,https://images-eu.ssl-images-amazon.com/images/P/1407186604.01.L.jpg,1 in Children's Books on Pets | 5 in Children's Books on Dogs | 5 in Crime & Mystery Graphic Novels
7,"Dog Man 12: The Scarlet Shedder (the latest laugh-out-loud, full-colour book in the million-copy selling series!)",Dav Pilkey,7.0,Hardcover,4.8,7135.0,1338896431,9781338896435,224,Comics and Graphic Novels,7-10,2025-02-14T09:19:14.550632,1338896431,https://www.amazon.co.uk/Dog-Man-laugh-out-loud-full-colour-million-copy/dp/1338896431,https://images-eu.ssl-images-amazon.com/images/P/1338896431.01.L.jpg,5 in Children's Comics & Graphic Novels on Social & Philosophical Topics | 6 in Children's Mystery & Detective Comics & Graphic Novels | 6 in Children's Books on Self-Esteem & Self-Respect
8,Dog Man: Grime and Punishment: from the bestselling creator of Captain Underpants (Dog Man #9),Dav Pilkey,5.0,Paperback,4.8,47383.0,0702310670,9780702310676,240,Comics and Graphic Novels,8-10,2025-02-14T09:19:14.552248,0702310670,https://www.amazon.co.uk/Dog-Man-Punishment-bestselling-Underpants/dp/0702310670,https://images-eu.ssl-images-amazon.com/images/P/0702310670.01.L.jpg,6 in Children's Comics & Graphic Novels on Social & Philosophical Topics | 7 in Children's Action & Adventure Comics & Graphic Novels | 7 in Mysteries & Detective Stories for Children
9,"Diary of a Wimpy Kid: Hot Mess (Book 19): THE BRAND-NEW NUMBER ONE BESTSELLER (Diary of a Wimpy Kid, 19)",Jeff Kinney,7.49,Hardcover,4.7,1429.0,0241583160,9780241583166,224,Comics and Graphic Novels,9-12,2025-02-14T09:19:14.553996,0241583160,https://www.amazon.co.uk/Diary-Wimpy-Kid-Mess-Book/dp/0241583160,https://images-eu.ssl-images-amazon.com/images/P/0241583160.01.L.jpg,1 in Children's School Life Comics & Graphic Novels | 8 in Children's Humorous Comics & Graphic Novels | 9 in Children's Books on Family Life
10,"Diary of a Wimpy Kid: No Brainer (Book 18) (Diary of a Wimpy Kid, 18)",Jeff Kinney,4.0,Paperback,4.7,6588.0,0241583152,9780241583159,240,Comics and Graphic Novels,8-12,2025-02-14T09:19:14.555625,0241583152,https://www.amazon.co.uk/Diary-Wimpy-Kid-Brainer-Book/dp/0241583152,https://images-eu.ssl-images-amazon.com/images/P/0241583152.01.L.jpg,3 in Children's Books on School | 9 in Children's Humorous Comics & Graphic Novels | 11 in General Humour
11,"Bunny vs Monkey: The Great Big Glitch (a Phoenix Comic Book): the instant number one bestselling book from Jamie Smart, Illustrator of the Year",Jamie Smart,6.49,Hardcover,4.8,233.0,1788453085,9781788453080,256,Comics and Graphic Novels,8-11,2025-02-14T09:19:14.557354,1788453085,https://www.amazon.co.uk/Bunny-Monkey-Great-Big-Glitch/dp/1788453085,https://images-eu.ssl-images-amazon.com/images/P/1788453085.01.L.jpg,9 in Comics & Graphic Novels by Genre | 10 in Children's Humorous Comics & Graphic Novels | 22 in Humour for Children
12,"Bunny vs Monkey: The Impossible Pig (a Phoenix Comic Book, from the million-selling Jamie Smart, Illustrator of the Year)",Jamie Smart,5.0,Paperback,4.8,597.0,1788453123,9781788453127,240,Comics and Graphic Novels,7-10,2025-02-14T09:19:14.558984,1788453123,https://www.amazon.co.uk/Bunny-vs-Monkey-Impossible-Pig/dp/1788453123,https://images-eu.ssl-images-amazon.com/images/P/1788453123.01.L.jpg,8 in Children's Action & Adventure Comics & Graphic Novels | 8 in Children's Animal Comics & Graphic Novels | 48 in Literature & Fiction for Children (Books)
13,"Bunny vs Monkey: Bunny Bonanza (a Phoenix Comic Book, from the million-selling Jamie Smart, Illustrator of the Year): A Rollicking Rabbit Rumble",Jamie Smart,5.0,Paperback,4.8,473.0,1788453077,9781788453073,240,Comics and Graphic Novels,7-10,2025-02-14T09:19:14.560599,1788453077,https://www.amazon.co.uk/Bunny-Monkey-million-selling-Illustrator-Rollicking/dp/1788453077,https://images-eu.ssl-images-amazon.com/images/P/1788453077.01.L.jpg,"9 in Children's Animal Comics & Graphic Novels | 11 in Children's Humorous Comics & Graphic Novels | 15 in Children's Books on Science, Nature & How It Works"
14,Where's Stitch?: A Disney search-and-find activity book,Walt Disney,4.0,Paperback,4.7,322.0,1835870260,9781835870266,40,Comics and Graphic Novels,6-9,2025-02-14T09:19:14.562199,1835870260,https://www.amazon.co.uk/Wheres-Stitch-search-find-activity/dp/1835870260,https://images-eu.ssl-images-amazon.com/images/P/1835870260.01.L.jpg,2 in Puzzle Books for Children | 4 in Hidden Picture Books for Children | 12 in Children's Humorous Comics & Graphic Novels
15,Dog Man and Cat Kid: From the Creator of Captain Underpants (Dog Man #4),Dav Pilkey,7.99,Paperback,4.8,22522.0,1407192124,9781407192123,256,Comics and Graphic Novels,7-10,2025-02-14T09:19:14.563863,1407192124,https://www.amazon.co.uk/Dog-Man-Cat-Kid/dp/1407192124,https://images-eu.ssl-images-amazon.com/images/P/1407192124.01.L.jpg,7 in Children's Comics & Graphic Novels on Social & Philosophical Topics | 8 in Super-Hero Graphic Novels | 8 in Superhero Comics for Children
16,"Diary of a Wimpy Kid: Big Shot (Book 16) (Diary of a Wimpy Kid, 16)",Jeff Kinney,4.0,Paperback,4.7,11542.0,0241396980,9780241396988,240,Comics and Graphic Novels,8-11,2025-02-14T09:19:14.565882,0241396980,https://www.amazon.co.uk/Diary-Wimpy-Kid-Shot-Book/dp/0241396980,https://images-eu.ssl-images-amazon.com/images/P/0241396980.01.L.jpg,2 in Children's School Life Comics & Graphic Novels | 8 in Children's Books on School | 14 in Children's Humorous Comics & Graphic Novels
17,"Diary of a Wimpy Kid: The Meltdown (Book 13) (Diary of a Wimpy Kid, 13)",Jeff Kinney,4.0,Paperback,4.7,28882.0,0241389313,9780241389317,240,Comics and Graphic Novels,8-10,2025-02-14T09:19:14.567510,0241389313,https://www.amazon.co.uk/Diary-Wimpy-Kid-Meltdown-Book/dp/0241389313,https://images-eu.ssl-images-amazon.com/images/P/0241389313.01.L.jpg,10 in Children's Books on School | 16 in Children's Humorous Comics & Graphic Novels | 21 in Fiction About Friendship for Children
18,Neill Cameron,Neill Cameron,9.19,Paperback,,,1788453379,9781788453370,208,Comics and Graphic Novels,,2025-02-14T09:19:14.569382,1788453379,https://www.amazon.co.uk/Mega-Robo-Bros-Final-Phoenix/dp/1788453379,https://images-eu.ssl-images-amazon.com/images/P/1788453379.01.L.jpg,1 in Comics & Graphic Novels for Young Adults | 2 in Humorous Fiction for Young Adults | 16 in Children's Humorous Comics & Graphic Novels
19,"Diary of a Wimpy Kid: Diper Överlöde (Book 17) (Diary of a Wimpy Kid, 17)",Jeff Kinney,4.5,Paperback,4.7,7829.0,0241583101,9780241583104,240,Comics and Graphic Novels,9-12,2025-02-14T09:19:14.571001,0241583101,https://www.amazon.co.uk/Diary-Wimpy-Kid-Diper-%C3%96verl%C3%B6de/dp/0241583101,https://images-eu.ssl-images-amazon.com/images/P/0241583101.01.L.jpg,11 in Children's Books on School | 17 in Children's Humorous Comics & Graphic Novels | 22 in Children's Books on Family Life
20,"Diary of a Wimpy Kid: The Getaway (Book 12) (Diary of a Wimpy Kid, 12)",Jeff Kinney,3.99,Paperback,4.7,27229.0,0141385251,9780141385259,240,Comics and Graphic Novels,8-11,2025-02-14T09:19:14.572605,0141385251,https://www.amazon.co.uk/Diary-Wimpy-Kid-Getaway-book/dp/0141385251,https://images-eu.ssl-images-amazon.com/images/P/0141385251.01.L.jpg,18 in Children's Humorous Comics & Graphic Novels | 24 in Children's Books on Family Life | 25 in Fiction About Family for Children
21,"Diary of a Wimpy Kid: The Deep End (Book 15) (Diary of a Wimpy Kid, 15)",Jeff Kinney,4.0,Paperback,4.8,49949.0,0241396956,9780241396957,240,Comics and Graphic Novels,9-11,2025-02-14T09:19:14.574209,0241396956,https://www.amazon.co.uk/Diary-Wimpy-Kid-Deep-Book/dp/0241396956,https://images-eu.ssl-images-amazon.com/images/P/0241396956.01.L.jpg,19 in Children's Humorous Comics & Graphic Novels | 25 in Children's Books on Family Life | 26 in Fiction About Family for Children
22,"Diary of a Wimpy Kid: Wrecking Ball (Book 14) (Diary of a Wimpy Kid, 14)",Jeff Kinney,4.0,Paperback,4.8,24023.0,0241396921,9780241396926,240,Comics and Graphic Novels,8-10,2025-02-14T09:19:14.575893,0241396921,https://www.amazon.co.uk/Diary-Wimpy-Kid-Wrecking-Ball/dp/0241396921,https://images-eu.ssl-images-amazon.com/images/P/0241396921.01.L.jpg,12 in Children's Books on School | 20 in Children's Humorous Comics & Graphic Novels | 26 in Children's Books on Family Life
23,Dog Man the Movie: Official Sticker Activity Book: Official Sticker Book (Dog Man Movie),Scholastic,6.49,Paperback,4.5,24.0,1546147586,9781546147589,24,Comics and Graphic Novels,7-10,2025-02-14T09:19:14.577533,1546147586,https://www.amazon.co.uk/Dog-Man-Movie-Official-Activity/dp/1546147586,https://images-eu.ssl-images-amazon.com/images/P/1546147586.01.L.jpg,1 in Children's Books on Television & Radio | 1 in Children's Books on Film | 2 in Children's Books on Law & Crime
24,"Bunny vs Monkey 7 Books Collection Set By Jamie Smart (Bunny vs Monkey, Supersonic Aye-aye, The Human Invasion, Rise of the Maniacal Badger, the League of Doom!, Multiverse Mix-up & Machine Mayhem)",Jamie Smart,44.0,Paperback,4.8,125.0,9124331236,9789124331238,1760,Comics and Graphic Novels,7-10,2025-02-14T09:19:14.579141,9124331236,https://www.amazon.co.uk/Collection-Supersonic-Invasion-Maniacal-Multiverse/dp/9124331236,https://images-eu.ssl-images-amazon.com/images/P/9124331236.01.L.jpg,1 in Children's Fantasy Comics & Graphic Novels
25,"Bunny vs Monkey (a Phoenix Comic Book, from the million-selling Jamie Smart, Illustrator of the Year)",Jamie Smart,6.0,Paperback,4.8,1139.0,1788451775,9781788451772,256,Comics and Graphic Novels,8-9,2025-02-14T09:19:14.580778,1788451775,https://www.amazon.co.uk/Bunny-vs-Monkey-Jamie-Smart/dp/1788451775,https://images-eu.ssl-images-amazon.com/images/P/1788451775.01.L.jpg,"25 in Comics & Graphic Novels for Children | 26 in Children's Books on Science, Nature & How It Works | 41 in General Humour"
26,My First Padded Board Books of Nursery Rhymes: Illustrated Classic Nursery Rhymes (My First Book),Wonder House Books Editorial,5.99,Board book,4.6,5674.0,9388144201,9789388144209,24,Comics and Graphic Novels,,2025-02-14T09:19:14.582656,9388144201,https://www.amazon.co.uk/First-Padded-Board-Nursery-Rhymes/dp/9388144201,https://images-eu.ssl-images-amazon.com/images/P/9388144201.01.L.jpg,"1 in Nursery Rhymes for Children (Books) | 1 in Children's Fairy Tales, Folklore, Legends & Mythology Comics & Graphic Novels | 17 in Early Reader's Rhymes, Verse & Wordplay for Children"
27,Jokes for 7 Year Olds: Awesome Jokes for 7 Year Olds : Birthday - Christmas Gifts for 7 Year Olds (Funny Jokes for Kids Age 5-12),Linda Summers,2.99,Paperback,4.4,749.0,1913485048,9781913485047,51,Comics and Graphic Novels,7+,2025-02-14T09:19:14.584966,1913485048,https://www.amazon.co.uk/Jokes-Year-Olds-Birthday-Christmas/dp/1913485048,https://images-eu.ssl-images-amazon.com/images/P/1913485048.01.L.jpg,3 in Jokes & Riddles Humour | 3 in Short Story Collections for Children | 12 in Children's Books on Games
28,Dog Man: For Whom the Ball Rolls: From the Creator of Captain Underpants (Dog Man #7),Dav Pilkey,8.27,Paperback,4.8,27748.0,0702303674,9780702303678,240,Comics and Graphic Novels,7-9,2025-02-14T09:19:14.588307,0702303674,https://www.amazon.co.uk/Dog-Man-Creator-Captain-Underpants/dp/0702303674,https://images-eu.ssl-images-amazon.com/images/P/0702303674.01.L.jpg,6 in Children's Books on Pets | 8 in Children's Comics & Graphic Novels on Social & Philosophical Topics | 9 in Children's Mystery & Detective Comics & Graphic Novels
29,"Diary of a Wimpy Kid: Do-It-Yourself Book: 1 (Diary of a Wimpy Kid, 1)",Jeff Kinney,6.39,Paperback,4.7,7921.0,0141339667,9780141339665,192,Comics and Graphic Novels,8-11,2025-02-14T09:19:14.589964,0141339667,https://www.amazon.co.uk/Diary-Wimpy-Kid-Do-Yourself/dp/0141339667,https://images-eu.ssl-images-amazon.com/images/P/0141339667.01.L.jpg,23 in Children's Humorous Comics & Graphic Novels | 50 in General Humour | 56 in Humour for Children
30,Pokémon Where’s Pikachu? A search & find book: New for 2023: Search and find the perfect gift for fans of Pokémon in this official Pikachu adventure!,Pokemon,6.99,Paperback,4.7,465.0,0008547599,9780008547592,40,Comics and Graphic Novels,4-8,2025-02-14T09:19:14.591571,0008547599,https://www.amazon.co.uk/Pok%C3%A9mon-Wheres-Pikachu-search-find/dp/0008547599,https://images-eu.ssl-images-amazon.com/images/P/0008547599.01.L.jpg,1 in Comics with Media Tie-Ins for Children | 2 in Children's Books on the History of Exploration & Discovery | 3 in Children's Books on Video & Electronic Games
1,"Tales from Acorn Wood: Who's in Acorn Wood? World Book Day 2025: A rhyming search-and-find story (Tales From Acorn Wood, 12)",Julia Donaldson,1.0,Paperback,3.0,1.0,1035059223,9781035059225,16,"Science, Nature & How It Works",3-7,2025-02-14T09:19:15.693620,1035059223,https://www.amazon.co.uk/Tales-Acorn-Wood-search-find/dp/1035059223,https://images-eu.ssl-images-amazon.com/images/P/1035059223.01.L.jpg,1 in Hidden Picture Books for Children | 1 in Children's Fiction Books on Animals | 1 in Stories in Verse for Children (Books)
2,Bluey: Bluey's Little Book: A World Book Day 2025 MINI BOOK,Bluey,1.0,Paperback,2.0,2.0,0241734401,9780241734407,16,"Science, Nature & How It Works",3-6,2025-02-14T09:19:15.695250,0241734401,https://www.amazon.co.uk/Bluey-Blueys-Little-Book-World/dp/0241734401,https://images-eu.ssl-images-amazon.com/images/P/0241734401.01.L.jpg,"1 in Fiction About Friendship for Children | 1 in Children's Books on Friendship | 1 in TV, Movie & Video Game Adaptations for Children"
3,LEGO Our Amazing Universe: World Book Day 2025: Fantastic Building Ideas and Facts About Our Universe,DK,1.0,Paperback,3.5,2.0,0241740851,9780241740859,80,"Science, Nature & How It Works",6-11,2025-02-14T09:19:15.697131,0241740851,https://www.amazon.co.uk/LEGO-Our-Amazing-Universe-Fantastic/dp/0241740851,https://images-eu.ssl-images-amazon.com/images/P/0241740851.01.L.jpg,1 in Children's Books on Computers & Technology | 1 in Children's Books on Aeronautics & Space | 1 in Home Improvement Construction
4,Can You Get Jellyfish in Space? A World Book Day 2024 Mini Book,Dr Sheila Kanani,1.0,Paperback,4.6,142.0,0241669839,9780241669839,96,"Science, Nature & How It Works",7-9,2025-02-14T09:19:15.698754,0241669839,https://www.amazon.co.uk/Jellyfish-Space-World-Book-2024/dp/0241669839,https://images-eu.ssl-images-amazon.com/images/P/0241669839.01.L.jpg,1 in Animal Sciences | 1 in Children's Books on Mystery & Wonders | 2 in Children's Books on Aeronautics & Space
5,The Adventures of Paddington: Farm Escape!: World Book Day 2025: The brilliantly funny new Paddington mini picture book for World Book Day 2025!,HarperCollins Children’s Books,,Paperback,3.0,1.0,0008714576,9780008714574,16,"Science, Nature & How It Works",1-5,2025-02-14T09:19:15.700378,0008714576,https://www.amazon.co.uk/Adventures-Paddington-Escape-brilliantly-picture/dp/0008714576,https://images-eu.ssl-images-amazon.com/images/P/0008714576.01.L.jpg,1 in Children's Books on Country & Farm Life | 1 in Children's Books on Farm Animals | 2 in Children's Books on Nature
6,Zog,Julia Donaldson,4.0,Paperback,4.9,11126.0,,9781407170763,32,"Science, Nature & How It Works",2-5,2025-02-14T09:19:15.702158,1407170767,https://www.amazon.co.uk/Zog-Julia-Donaldson/dp/1407170767,https://images-eu.ssl-images-amazon.com/images/P/1407170767.01.L.jpg,"1 in Children's Books on Royalty | 1 in Dragons, Unicorns & Mythical Creatures Tales for Children | 2 in Early Reader's Rhymes, Verse & Wordplay for Children"
7,Jonty Gentoo: The Adventures of a Penguin The Number One Bestseller by the creators of Stick Man and Zog,Julia Donaldson,6.49,Hardcover,4.8,436.0,0702329436,9780702329432,40,"Science, Nature & How It Works",3-6,2025-02-14T09:19:15.703786,0702329436,https://www.amazon.co.uk/Jonty-Gentoo-Adventures-Julia-Donaldson/dp/0702329436,https://images-eu.ssl-images-amazon.com/images/P/0702329436.01.L.jpg,1 in Children's Books on Birds | 2 in Fiction About Health for Children | 3 in Children's Books on Nature
8,"The Baddies: the wickedly funny picture book from the creators of Zog and Stick Man, now available in paperback!",Julia Donaldson,4.0,Paperback,4.7,2151.0,0702325066,9780702325069,32,"Science, Nature & How It Works",3-6,2025-02-14T09:19:15.705614,0702325066,https://www.amazon.co.uk/Baddies-wickedly-creators-available-paperback/dp/0702325066,https://images-eu.ssl-images-amazon.com/images/P/0702325066.01.L.jpg,"1 in Horror & Ghost Stories for Children | 2 in Fairy Tales, Folk Tales & Myths for Children (Books) | 3 in Children's Books on Mystery & Wonders"
9,Superworm,Julia Donaldson,4.0,Paperback,4.8,8433.0,,9781407170725,32,"Science, Nature & How It Works",2-5,2025-02-14T09:19:15.707239,1407170724,https://www.amazon.co.uk/Superworm-Julia-Donaldson/dp/1407170724,https://images-eu.ssl-images-amazon.com/images/P/1407170724.01.L.jpg,1 in Children's Books on Performing Arts | 1 in Fantasy Adventure for Children | 4 in Children's Books on Nature
10,We're Looking for the Perfect Hug: A Lift-the-Flap Adventure and perfect Valentines gift (The Bunny Adventures),Martha Mumford,4.5,Paperback,5.0,2.0,1526671379,9781526671370,24,"Science, Nature & How It Works",,2025-02-14T09:19:15.708977,1526671379,https://www.amazon.co.uk/Were-Looking-Perfect-Lift-Flap/dp/1526671379,https://images-eu.ssl-images-amazon.com/images/P/1526671379.01.L.jpg,1 in Children's Books on Rabbits | 3 in Hidden Picture Books for Children | 3 in Children's Books on Valentine's Day
11,"There’s a Bunny in Your Book (Who's in Your Book?, 11)",Tom Fletcher,4.0,Paperback,5.0,7.0,0241591244,9780241591246,32,"Science, Nature & How It Works",,2025-02-14T09:19:15.710603,0241591244,https://www.amazon.co.uk/Theres-Bunny-Your-Book-Whos/dp/0241591244,https://images-eu.ssl-images-amazon.com/images/P/0241591244.01.L.jpg,2 in Children's Books on Rabbits | 6 in Children's Books on Nature | 10 in Children's Books on Mammals
12,Zog and the Flying Doctors,Julia Donaldson,4.0,Paperback,4.9,9387.0,1407173502,9781407173504,32,"Science, Nature & How It Works",2-4,2025-02-14T09:19:15.712204,1407173502,https://www.amazon.co.uk/Zog-Flying-Doctors-Julia-Donaldson/dp/1407173502,https://images-eu.ssl-images-amazon.com/images/P/1407173502.01.L.jpg,2 in Children's Books on Royalty | 2 in Children's Books on Jobs & Careers | 2 in Children's Early Learning Books on Sense & Sensation
13,"The Gruffalo (The Gruffalo, 1)",Julia Donaldson,6.39,Board book,4.9,17004.0,,9781509830398,24,"Science, Nature & How It Works",2-4,2025-02-14T09:19:15.713800,1509830391,https://www.amazon.co.uk/Gruffalo-Julia-Donaldson/dp/1509830391,https://images-eu.ssl-images-amazon.com/images/P/1509830391.01.L.jpg,"2 in Horror & Ghost Stories for Children | 3 in Dragons, Unicorns & Mythical Creatures Tales for Children | 5 in Classics for Children"
14,Sticker Dolly Dressing Pets,Fiona Watt,4.0,Paperback,4.7,75.0,1805316907,9781805316909,44,"Science, Nature & How It Works",5-8,2025-02-14T09:19:15.716220,1805316907,https://www.amazon.co.uk/Sticker-Dolly-Dressing-Pets-Fiona/dp/1805316907,https://images-eu.ssl-images-amazon.com/images/P/1805316907.01.L.jpg,2 in Children's Books on Pets | 7 in Primary School Textbooks | 7 in Children's Books on Nature
15,"Bunny vs Monkey: Bunny Bonanza (a Phoenix Comic Book, from the million-selling Jamie Smart, Illustrator of the Year): A Rollicking Rabbit Rumble",Jamie Smart,5.0,Paperback,4.8,473.0,1788453077,9781788453073,240,"Science, Nature & How It Works",7-10,2025-02-14T09:19:15.717922,1788453077,https://www.amazon.co.uk/Bunny-Monkey-million-selling-Illustrator-Rollicking/dp/1788453077,https://images-eu.ssl-images-amazon.com/images/P/1788453077.01.L.jpg,"9 in Children's Animal Comics & Graphic Novels | 11 in Children's Humorous Comics & Graphic Novels | 15 in Children's Books on Science, Nature & How It Works"
16,From the Wizarding Archive: Curated Writing from the World of Harry Potter,J.K. Rowling,17.99,Audible Audiobook,4.4,240.0,,,,"Science, Nature & How It Works",,2025-02-14T09:19:15.720212,B0D8WJ56XZ,https://www.amazon.co.uk/Wizarding-Archive-Curated-Writing-Potter/dp/B0D8WJ56XZ,https://images-eu.ssl-images-amazon.com/images/P/B0D8WJ56XZ.01.L.jpg,
17,Stephen Mangan,Stephen Mangan,,Paperback,,,0702340634,9780702340635,112,"Science, Nature & How It Works",9-12,2025-02-14T09:19:15.721910,0702340634,https://www.amazon.co.uk/Fart-That-Broke-World-Book/dp/0702340634,https://images-eu.ssl-images-amazon.com/images/P/0702340634.01.L.jpg,4 in Children's Books on Royalty | 5 in Travel Fiction for Children | 6 in Children's Books on Emotions & Feelings
18,Paddington’s Suitcase: Eight funny Paddington Bear picture books for children in a gift-set carry case!,Michael Bond,10.0,Paperback,4.8,3274.0,0007251947,9780007251940,192,"Science, Nature & How It Works",2-5,2025-02-14T09:19:15.723861,0007251947,https://www.amazon.co.uk/Paddington-Suitcase-Eight-book-Bear/dp/0007251947,https://images-eu.ssl-images-amazon.com/images/P/0007251947.01.L.jpg,1 in Children's Books on Bears | 1 in Children's Books on Emigrants & Immigrants | 1 in Short Story Collections for Children
19,"The Oak Tree: a dazzling, poetic picture book, by Julia Donaldson, author of The Gruffalo and Stick Man",Julia Donaldson,4.0,Paperback,4.7,448.0,0702324353,9780702324352,32,"Science, Nature & How It Works",3-6,2025-02-14T09:19:15.725502,0702324353,https://www.amazon.co.uk/Oak-Tree-dazzling-Donaldson-Gruffalo/dp/0702324353,https://images-eu.ssl-images-amazon.com/images/P/0702324353.01.L.jpg,
20,Charlie Cook's Favourite Book,Julia Donaldson,4.0,Paperback,4.7,4516.0,,9781509812486,32,"Science, Nature & How It Works",2-5,2025-02-14T09:19:15.727288,1509812482,https://www.amazon.co.uk/Charlie-Cooks-Favourite-Julia-Donaldson/dp/1509812482,https://images-eu.ssl-images-amazon.com/images/P/1509812482.01.L.jpg,1 in Mystical Poetry | 1 in Literary Criticism & Collections for Children | 1 in Children's Books on Pirates
21,The Last Bear: Winner of the Blue Peter Award – ‘A dazzling debut’ THE TIMES,Hannah Gold,4.5,Paperback,4.7,2660.0,000841131X,9780008411312,320,"Science, Nature & How It Works",8+,2025-02-14T09:19:15.728929,000841131X,https://www.amazon.co.uk/Last-Bear-stunning-childrens-battle/dp/000841131X,https://images-eu.ssl-images-amazon.com/images/P/000841131X.01.L.jpg,
22,That's not my dog...,Fiona Watt,4.0,Board book,4.8,221.0,1805312235,9781805312239,10,"Science, Nature & How It Works",,2025-02-14T09:19:15.730550,1805312235,https://www.amazon.co.uk/Thats-not-dog-Fiona-Watt/dp/1805312235,https://images-eu.ssl-images-amazon.com/images/P/1805312235.01.L.jpg,
23,"There's a Dinosaur in Your Book: An interactive board book for toddlers: 9 (Who's in Your Book?, 9)",Tom Fletcher,4.0,Paperback,4.8,606.0,0241591317,9780241591314,32,"Science, Nature & How It Works",2-4,2025-02-14T09:19:15.732377,0241591317,https://www.amazon.co.uk/Theres-Dinosaur-Your-Book-Whos/dp/0241591317,https://images-eu.ssl-images-amazon.com/images/P/0241591317.01.L.jpg,
24,LEGO Race Cars: 5 (Klutz),Editors of Klutz,14.99,Toy,4.4,1327.0,1338802062,9781338802061,64,"Science, Nature & How It Works",5-7,2025-02-14T09:19:15.734683,1338802062,https://www.amazon.co.uk/LEGO-Race-Cars-Klutz-Editors/dp/1338802062,https://images-eu.ssl-images-amazon.com/images/P/1338802062.01.L.jpg,1 in Children's Books on Home | 1 in Children's Books on Computer Hardware & Robotics | 1 in Children's Books on How Things Work
25,"In the Jungle: A Push, Pull, Slide Book (Campbell Axel Scheffler, 6)",,5.34,Board book,4.7,2169.0,1509866957,9781509866953,10,"Science, Nature & How It Works",1-2,2025-02-14T09:19:15.736951,1509866957,https://www.amazon.co.uk/Axel-Scheffler-Jungle/dp/1509866957,https://images-eu.ssl-images-amazon.com/images/P/1509866957.01.L.jpg,
26,"Bunny vs Monkey (a Phoenix Comic Book, from the million-selling Jamie Smart, Illustrator of the Year)",Jamie Smart,6.0,Paperback,4.8,1139.0,1788451775,9781788451772,256,"Science, Nature & How It Works",8-9,2025-02-14T09:19:15.739847,1788451775,https://www.amazon.co.uk/Bunny-vs-Monkey-Jamie-Smart/dp/1788451775,https://images-eu.ssl-images-amazon.com/images/P/1788451775.01.L.jpg,
27,Minecraft Catch the Creeper and Other Mobs: Search for your favourite mobs in this official Minecraft Search and Find book! Perfect for kids into video games.,Mojang AB,7.35,Paperback,4.7,2688.0,0755503570,9780755503575,40,"Science, Nature & How It Works",5-9,2025-02-14T09:19:15.741960,0755503570,https://www.amazon.co.uk/Minecraft-Catch-Creeper-Other-Mobs/dp/0755503570,https://images-eu.ssl-images-amazon.com/images/P/0755503570.01.L.jpg,
28,"Weird but true! 2025: Discover weird, unbelievable facts and world records in this popular annual for the whole family (National Geographic Kids)",National Geographic Kids,10.39,Hardcover,4.7,243.0,0008694125,9780008694128,256,"Science, Nature & How It Works",7-10,2025-02-14T09:19:15.743582,0008694125,https://www.amazon.co.uk/Weird-but-true-2025-Geographic/dp/0008694125,https://images-eu.ssl-images-amazon.com/images/P/0008694125.01.L.jpg,
29,The Girl of Ink and Stars: winner of the British Book Awards' Children's Book of the Year,Kiran Millwood Hargrave,6.99,Paperback,4.6,7916.0,1910002747,9781910002742,240,"Science, Nature & How It Works",9-12,2025-02-14T09:19:15.745415,1910002747,https://www.amazon.co.uk/Girl-Ink-Stars-Waterstones-Childrens/dp/1910002747,https://images-eu.ssl-images-amazon.com/images/P/1910002747.01.L.jpg,
30,The Wild Robot: Now a major DreamWorks animation!,Peter Brown,5.65,Paperback,4.7,13216.0,1848127278,9781848127272,288,"Science, Nature & How It Works",7-10,2025-02-14T09:19:15.747018,1848127278,https://www.amazon.co.uk/Wild-Robot-Peter-Brown/dp/1848127278,https://images-eu.ssl-images-amazon.com/images/P/1848127278.01.L.jpg,
1,Bluey: Bluey's Little Book: A World Book Day 2025 MINI BOOK,Bluey,1.0,Paperback,2.0,2.0,0241734401,9780241734407,16,"TV, Movie & Video Game Adaptations",3-6,2025-02-14T09:19:16.631230,0241734401,https://www.amazon.co.uk/Bluey-Blueys-Little-Book-World/dp/0241734401,https://images-eu.ssl-images-amazon.com/images/P/0241734401.01.L.jpg,
2,Marvel Avengers: The Ultimate Colouring Book,,2.0,Paperback,4.6,624.0,1801081549,9781801081542,72,"TV, Movie & Video Game Adaptations",4-8,2025-02-14T09:19:16.633671,1801081549,https://www.amazon.co.uk/Marvel-Avengers-Ultimate-Colouring-Book/dp/1801081549,https://images-eu.ssl-images-amazon.com/images/P/1801081549.01.L.jpg,
3,Disney Princess: The Ultimate Colouring Book,Walt Disney,2.0,Paperback,4.7,2940.0,1801081530,9781801081535,72,"TV, Movie & Video Game Adaptations",3-7,2025-02-14T09:19:16.635287,1801081530,https://www.amazon.co.uk/Disney-Princess-Ultimate-Colouring-Book/dp/1801081530,https://images-eu.ssl-images-amazon.com/images/P/1801081530.01.L.jpg,
4,Bluey: Where's Bluey?: A Search-and-Find Book,Bluey,6.91,Paperback,4.8,3290.0,0241558573,9780241558577,32,"TV, Movie & Video Game Adaptations",2-5,2025-02-14T09:19:16.637154,0241558573,https://www.amazon.co.uk/Bluey-Wheres-Search-Find-Book/dp/0241558573,https://images-eu.ssl-images-amazon.com/images/P/0241558573.01.L.jpg,
5,Nickelodeon Publishing,,,Kindle Edition,4.7,966.0,,,14,"TV, Movie & Video Game Adaptations",,2025-02-14T09:19:16.639315,B073R342DW,https://www.amazon.co.uk/Save-School-Bus-PAW-Patrol-ebook/dp/B073R342DW,https://images-eu.ssl-images-amazon.com/images/P/B073R342DW.01.L.jpg,
6,Minecraft Catch the Creeper and Other Mobs: Search for your favourite mobs in this official Minecraft Search and Find book! Perfect for kids into video games.,Mojang AB,7.35,Paperback,4.7,2688.0,0755503570,9780755503575,40,"TV, Movie & Video Game Adaptations",5-9,2025-02-14T09:19:16.640941,0755503570,https://www.amazon.co.uk/Minecraft-Catch-Creeper-Other-Mobs/dp/0755503570,https://images-eu.ssl-images-amazon.com/images/P/0755503570.01.L.jpg,
7,Bluey: Bluey and Friends Little Library,Bluey,5.51,Board book,4.6,595.0,0241605040,9780241605042,48,"TV, Movie & Video Game Adaptations",1-3,2025-02-14T09:19:16.642687,0241605040,https://www.amazon.co.uk/Bluey-Friends-Little-Library/dp/0241605040,https://images-eu.ssl-images-amazon.com/images/P/0241605040.01.L.jpg,
8,Ms Rachel: Ms Rachel and the Special Surprise: Encouraging Speech and Learning Through Play and Music,Ms Rachel,4.5,Paperback,4.8,49.0,0241760607,9780241760604,40,"TV, Movie & Video Game Adaptations",,2025-02-14T09:19:16.644309,0241760607,https://www.amazon.co.uk/Ms-Rachel-Surprise-Encouraging-Learning/dp/0241760607,https://images-eu.ssl-images-amazon.com/images/P/0241760607.01.L.jpg,
9,Pokémon Where’s Pikachu? A search & find book: New for 2023: Search and find the perfect gift for fans of Pokémon in this official Pikachu adventure!,Pokemon,6.99,Paperback,4.7,465.0,0008547599,9780008547592,40,"TV, Movie & Video Game Adaptations",4-8,2025-02-14T09:19:16.645998,0008547599,https://www.amazon.co.uk/Pok%C3%A9mon-Wheres-Pikachu-search-find/dp/0008547599,https://images-eu.ssl-images-amazon.com/images/P/0008547599.01.L.jpg,
10,Disney Stitch: The Ultimate Colouring Book,Walt Disney,4.99,Paperback,4.5,378.0,1837950326,9781837950324,72,"TV, Movie & Video Game Adaptations",6-9,2025-02-14T09:19:16.647631,1837950326,https://www.amazon.co.uk/Disney-Stitch-Ultimate-Colouring-Book/dp/1837950326,https://images-eu.ssl-images-amazon.com/images/P/1837950326.01.L.jpg,
11,Marvel Spider-Man: Sticker Scenes (With over 50 stickers!),,3.49,Paperback,4.1,52.0,1837950148,9781837950140,12,"TV, Movie & Video Game Adaptations",4-6,2025-02-14T09:19:16.650060,1837950148,https://www.amazon.co.uk/Marvel-Spider-Man-Sticker-Scenes-stickers/dp/1837950148,https://images-eu.ssl-images-amazon.com/images/P/1837950148.01.L.jpg,
12,Disney Princess: Simply Colouring (Over 30 pages to colour in),Igloo Books,3.99,Paperback,4.5,379.0,1800220294,9781800220294,32,"TV, Movie & Video Game Adaptations",4-6,2025-02-14T09:19:16.651680,1800220294,https://www.amazon.co.uk/Disney-Princess-Colouring-Igloo-Books/dp/1800220294,https://images-eu.ssl-images-amazon.com/images/P/1800220294.01.L.jpg,
13,Bluey: Bluey and Friends: A Sticker Activity Book,,3.99,Paperback,4.6,1179.0,0241550513,9780241550519,16,"TV, Movie & Video Game Adaptations",2-5,2025-02-14T09:19:16.653958,0241550513,https://www.amazon.co.uk/Bluey-Friends-Sticker-Activity/dp/0241550513,https://images-eu.ssl-images-amazon.com/images/P/0241550513.01.L.jpg,
14,Peppa Pig: Little Library,,4.0,Board book,4.7,25450.0,,9781409303183,60,"TV, Movie & Video Game Adaptations",1-3,2025-02-14T09:19:16.656402,1409303187,https://www.amazon.co.uk/Peppa-Pig-Little-Library-Ladybird/dp/1409303187,https://images-eu.ssl-images-amazon.com/images/P/1409303187.01.L.jpg,
15,Disney: Disneyland Paris Colouring Book (Young Adult Colouring),Walt Disney,4.5,Paperback,4.8,75.0,1837714401,9781837714407,96,"TV, Movie & Video Game Adaptations",9-13,2025-02-14T09:19:16.658038,1837714401,https://www.amazon.co.uk/Disney-Disneyland-Paris-Colouring-Book/dp/1837714401,https://images-eu.ssl-images-amazon.com/images/P/1837714401.01.L.jpg,
16,Peppa Pig: Peppa's Party Bus!: Noisy Sound Book,Peppa Pig,7.0,Board book,4.3,14.0,0241666007,9780241666005,10,"TV, Movie & Video Game Adaptations",,2025-02-14T09:19:16.659654,0241666007,https://www.amazon.co.uk/Peppa-Pig-Peppas-Party-Noisy/dp/0241666007,https://images-eu.ssl-images-amazon.com/images/P/0241666007.01.L.jpg,
17,Disneyland Parks Colouring Book,Igloo Books,4.0,Paperback,4.7,4083.0,1838523650,9781838523657,96,"TV, Movie & Video Game Adaptations",5+,2025-02-14T09:19:16.661275,1838523650,https://www.amazon.co.uk/Disneyland-Parks-Colouring-Igloo-Books/dp/1838523650,https://images-eu.ssl-images-amazon.com/images/P/1838523650.01.L.jpg,
18,"Marvel Avengers: 5 in 1 Colouring (With dot-to-dot, colour-by-numbers, copy colouring, and more!)",Marvel Entertainment International Ltd,1.99,Paperback,4.5,26.0,1837950091,9781837950096,48,"TV, Movie & Video Game Adaptations",4-6,2025-02-14T09:19:16.662963,1837950091,https://www.amazon.co.uk/Marvel-Avengers-dot-colour-numbers/dp/1837950091,https://images-eu.ssl-images-amazon.com/images/P/1837950091.01.L.jpg,
19,"Disney The Lion King: 5 in 1 Colouring (With dot-to-dot, colour-by-numbers, copy colouring, and more!)",Walt Disney,1.99,Paperback,4.7,46.0,1837950083,9781837950089,48,"TV, Movie & Video Game Adaptations",4-6,2025-02-14T09:19:16.664580,1837950083,https://www.amazon.co.uk/Disney-Lion-King-colour-numbers/dp/1837950083,https://images-eu.ssl-images-amazon.com/images/P/1837950083.01.L.jpg,
20,"Paw Patrol: Meet the Pups Sticker Activity: With over 50 BIG stickers! A fun illustrated sticker book for children aged 3, 4, 5 based on the Nickelodeon TV Series",,5.51,Paperback,4.7,539.0,075550268X,9780755502684,32,"TV, Movie & Video Game Adaptations",3-4,2025-02-14T09:19:16.667001,075550268X,https://www.amazon.co.uk/Paw-Patrol-Sticker-Activity-stickers/dp/075550268X,https://images-eu.ssl-images-amazon.com/images/P/075550268X.01.L.jpg,
21,Peppa Pig: At the Zoo: A Lift-the-Flap Book,Peppa Pig,4.0,Board book,4.8,2865.0,0241335914,9780241335918,10,"TV, Movie & Video Game Adaptations",1-3,2025-02-14T09:19:16.668720,0241335914,https://www.amazon.co.uk/Peppa-Pig-Lift-Flap-Book/dp/0241335914,https://images-eu.ssl-images-amazon.com/images/P/0241335914.01.L.jpg,
22,Bluey: Let's Stick!: Sticker Scenes Book,,6.43,Paperback,4.7,652.0,0241551951,9780241551950,24,"TV, Movie & Video Game Adaptations",3-4,2025-02-14T09:19:16.671014,0241551951,https://www.amazon.co.uk/Bluey-Lets-Stick-Sticker-Scenes/dp/0241551951,https://images-eu.ssl-images-amazon.com/images/P/0241551951.01.L.jpg,
23,Disney: Bedtime Stories (Treasury of Classic Tales),Walt Disney,10.0,Hardcover,4.6,31.0,1837959080,9781837959082,384,"TV, Movie & Video Game Adaptations",6-10,2025-02-14T09:19:16.672628,1837959080,https://www.amazon.co.uk/Disney-Bedtime-Stories-Treasury-Classic/dp/1837959080,https://images-eu.ssl-images-amazon.com/images/P/1837959080.01.L.jpg,
24,Peppa Pig: Peppa and the New Baby,Peppa Pig,5.51,Board book,4.8,77.0,0241575710,9780241575710,16,"TV, Movie & Video Game Adaptations",2-6,2025-02-14T09:19:16.674234,0241575710,https://www.amazon.co.uk/Peppa-Pig-New-Baby/dp/0241575710,https://images-eu.ssl-images-amazon.com/images/P/0241575710.01.L.jpg,
25,Marvel Spider-Man: Giant Colour-Me Pad,Marvel Entertainment International Ltd,5.0,Paperback,4.8,228.0,1801082448,9781801082440,64,"TV, Movie & Video Game Adaptations",4-6,2025-02-14T09:19:16.678268,1801082448,https://www.amazon.co.uk/Marvel-Spider-Man-Giant-Colour-Pad/dp/1801082448,https://images-eu.ssl-images-amazon.com/images/P/1801082448.01.L.jpg,
26,Marvel: Ultimate Storybook (Treasury of Superhero Adventures),,10.0,Hardcover,4.7,235.0,1801082685,9781801082686,384,"TV, Movie & Video Game Adaptations",4-8,2025-02-14T09:19:16.681821,1801082685,https://www.amazon.co.uk/Marvel-Ultimate-Storybook-Superhero-Adventures/dp/1801082685,https://images-eu.ssl-images-amazon.com/images/P/1801082685.01.L.jpg,
27,Shrek 2: The Movie Storybook,,2.55,Kindle Edition,3.9,66.0,,,56,"TV, Movie & Video Game Adaptations",,2025-02-14T09:19:16.684128,B009093GXU,https://www.amazon.co.uk/Shrek-2-Movie-Storybook-zuuka-ebook/dp/B009093GXU,https://images-eu.ssl-images-amazon.com/images/P/B009093GXU.01.L.jpg,
28,Bluey: My Dad Is Awesome,Bluey,4.0,Board book,4.8,501.0,024155067X,9780241550670,24,"TV, Movie & Video Game Adaptations",2-5,2025-02-14T09:19:16.685737,024155067X,https://www.amazon.co.uk/Bluey-My-Dad-Awesome/dp/024155067X,https://images-eu.ssl-images-amazon.com/images/P/024155067X.01.L.jpg,
29,Peppa Pig: George's Potty: A potty training sound book,Peppa Pig,8.27,Board book,4.4,330.0,0241476488,9780241476482,10,"TV, Movie & Video Game Adaptations",2-3,2025-02-14T09:19:16.689481,0241476488,https://www.amazon.co.uk/Peppa-Pig-Georges-Potty/dp/0241476488,https://images-eu.ssl-images-amazon.com/images/P/0241476488.01.L.jpg,
30,Bluey: Sleepytime,Bluey,5.0,Paperback,4.8,642.0,0241663652,9780241663653,32,"TV, Movie & Video Game Adaptations",2-4,2025-02-14T09:19:16.691123,0241663652,https://www.amazon.co.uk/Bluey-Sleepytime/dp/0241663652,https://images-eu.ssl-images-amazon.com/images/P/0241663652.01.L.jpg,
1,Bluey: Bluey's Little Book: A World Book Day 2025 MINI BOOK,Bluey,1.0,Paperback,2.0,2.0,0241734401,9780241734407,16,Educational Books,3-6,2025-02-14T09:19:17.821023,0241734401,https://www.amazon.co.uk/Bluey-Blueys-Little-Book-World/dp/0241734401,https://images-eu.ssl-images-amazon.com/images/P/0241734401.01.L.jpg,
2,LEGO Our Amazing Universe: World Book Day 2025: Fantastic Building Ideas and Facts About Our Universe,DK,1.0,Paperback,3.5,2.0,0241740851,9780241740859,80,Educational Books,6-11,2025-02-14T09:19:17.822645,0241740851,https://www.amazon.co.uk/LEGO-Our-Amazing-Universe-Fantastic/dp/0241740851,https://images-eu.ssl-images-amazon.com/images/P/0241740851.01.L.jpg,
3,The Very Hungry Caterpillar [Board Book]: Eric Carle,Eric Carle,4.0,Board book,4.8,92823.0,0241003008,9780241003008,24,Educational Books,1-3,2025-02-14T09:19:17.824263,0241003008,https://www.amazon.co.uk/Very-Hungry-Caterpillar-Board-Book/dp/0241003008,https://images-eu.ssl-images-amazon.com/images/P/0241003008.01.L.jpg,
4,Pokémon: The Epic Pocket Guide. World Book Day 2025: Become an expert Pokémon Trainer with this new handy pocket-sized guidebook for World Book Day 2025,Pokémon,1.0,Paperback,4.0,1.0,0008719810,9780008719814,64,Educational Books,5-8,2025-02-14T09:19:17.826122,0008719810,https://www.amazon.co.uk/Pok%C3%A9mon-Pocket-Trainer-pocket-sized-guidebook/dp/0008719810,https://images-eu.ssl-images-amazon.com/images/P/0008719810.01.L.jpg,
5,Can You Get Jellyfish in Space? A World Book Day 2024 Mini Book,Dr Sheila Kanani,1.0,Paperback,4.6,142.0,0241669839,9780241669839,96,Educational Books,7-9,2025-02-14T09:19:17.827764,0241669839,https://www.amazon.co.uk/Jellyfish-Space-World-Book-2024/dp/0241669839,https://images-eu.ssl-images-amazon.com/images/P/0241669839.01.L.jpg,
6,The Adventures of Paddington: Farm Escape!: World Book Day 2025: The brilliantly funny new Paddington mini picture book for World Book Day 2025!,HarperCollins Children’s Books,,Paperback,3.0,1.0,0008714576,9780008714574,16,Educational Books,1-5,2025-02-14T09:19:17.829415,0008714576,https://www.amazon.co.uk/Adventures-Paddington-Escape-brilliantly-picture/dp/0008714576,https://images-eu.ssl-images-amazon.com/images/P/0008714576.01.L.jpg,
7,Jonty Gentoo: The Adventures of a Penguin The Number One Bestseller by the creators of Stick Man and Zog,Julia Donaldson,6.49,Hardcover,4.8,436.0,0702329436,9780702329432,40,Educational Books,3-6,2025-02-14T09:19:17.831170,0702329436,https://www.amazon.co.uk/Jonty-Gentoo-Adventures-Julia-Donaldson/dp/0702329436,https://images-eu.ssl-images-amazon.com/images/P/0702329436.01.L.jpg,
8,Guinness World Records 2025,Guinness World Records,7.0,Hardcover,4.8,1270.0,1913484556,9781913484552,256,Educational Books,,2025-02-14T09:19:17.832860,1913484556,https://www.amazon.co.uk/Guinness-World-Records-2025/dp/1913484556,https://images-eu.ssl-images-amazon.com/images/P/1913484556.01.L.jpg,
9,Little Wandle at Home More Phonics Flashcards for Reception,,6.44,Cards,4.7,492.0,000858754X,9780008587543,43,Educational Books,4-5,2025-02-14T09:19:17.835160,000858754X,https://www.amazon.co.uk/Little-Wandle-Phonics-Flashcards-Reception/dp/000858754X,https://images-eu.ssl-images-amazon.com/images/P/000858754X.01.L.jpg,
10,The Highway Rat,Julia Donaldson,4.0,Paperback,4.9,8502.0,1407170732,9781407170732,32,Educational Books,2-4,2025-02-14T09:19:17.836783,1407170732,https://www.amazon.co.uk/Highway-Rat-Julia-Donaldson/dp/1407170732,https://images-eu.ssl-images-amazon.com/images/P/1407170732.01.L.jpg,
11,Superworm,Julia Donaldson,4.0,Paperback,4.8,8433.0,,9781407170725,32,Educational Books,2-5,2025-02-14T09:19:17.838596,1407170724,https://www.amazon.co.uk/Superworm-Julia-Donaldson/dp/1407170724,https://images-eu.ssl-images-amazon.com/images/P/1407170724.01.L.jpg,
12,We're Looking for the Perfect Hug: A Lift-the-Flap Adventure and perfect Valentines gift (The Bunny Adventures),Martha Mumford,4.5,Paperback,5.0,2.0,1526671379,9781526671370,24,Educational Books,,2025-02-14T09:19:17.842554,1526671379,https://www.amazon.co.uk/Were-Looking-Perfect-Lift-Flap/dp/1526671379,https://images-eu.ssl-images-amazon.com/images/P/1526671379.01.L.jpg,
13,Lower Case Letters Age 3-5 Wipe Clean Activity Book: The ideal home learning resource packed with letter writing practice and early childhood education activities (Collins Easy Learning Preschool),Collins Easy Learning,4.99,Product Bundle,4.7,6179.0,0008212929,9780008212926,24,Educational Books,3-4,2025-02-14T09:19:17.844361,0008212929,https://www.amazon.co.uk/Letters-Activity-Collins-Learning-Preschool/dp/0008212929,https://images-eu.ssl-images-amazon.com/images/P/0008212929.01.L.jpg,
14,Year 6 Maths KS2 SATs Targeted Practice Workbook: for the 2025 tests,Collins KS2,5.51,Paperback,4.6,1967.0,0008175497,9780007186082,128,Educational Books,9-11,2025-02-14T09:19:17.846045,0008175497,https://www.amazon.co.uk/Year-Maths-Targeted-Practice-Workbook/dp/0008175497,https://images-eu.ssl-images-amazon.com/images/P/0008175497.01.L.jpg,
15,"There’s a Bunny in Your Book (Who's in Your Book?, 11)",Tom Fletcher,4.0,Paperback,5.0,7.0,0241591244,9780241591246,32,Educational Books,,2025-02-14T09:19:17.847777,0241591244,https://www.amazon.co.uk/Theres-Bunny-Your-Book-Whos/dp/0241591244,https://images-eu.ssl-images-amazon.com/images/P/0241591244.01.L.jpg,
16,"Lottie Brooks’s Essential Guide to Life: Write Your own Diary with Lottie: activities and advice from the hilarious Lottie Brooks! (Lottie Brooks, 7)",Katie Kirby,4.0,Paperback,4.6,258.0,0241647207,9780241647202,320,Educational Books,10-12,2025-02-14T09:19:17.849413,0241647207,https://www.amazon.co.uk/Lottie-Brookss-Essential-Guide-Life/dp/0241647207,https://images-eu.ssl-images-amazon.com/images/P/0241647207.01.L.jpg,
17,Zog and the Flying Doctors,Julia Donaldson,4.0,Paperback,4.9,9387.0,1407173502,9781407173504,32,Educational Books,2-4,2025-02-14T09:19:17.851353,1407173502,https://www.amazon.co.uk/Zog-Flying-Doctors-Julia-Donaldson/dp/1407173502,https://images-eu.ssl-images-amazon.com/images/P/1407173502.01.L.jpg,
18,Sticker Dolly Dressing Pets,,4.0,Paperback,4.7,75.0,1805316907,9781805316909,44,Educational Books,5-8,2025-02-14T09:19:17.853823,1805316907,https://www.amazon.co.uk/Sticker-Dolly-Dressing-Pets-Fiona/dp/1805316907,https://images-eu.ssl-images-amazon.com/images/P/1805316907.01.L.jpg,
19,KS2 Maths Year 6 SATS Question Book (for the 2025 tests) (CGP SATS Maths),Cgp Books,5.95,Paperback,4.7,1038.0,1782944214,9781782944218,104,Educational Books,10-11,2025-02-14T09:19:17.855452,1782944214,https://www.amazon.co.uk/Maths-Targeted-SATS-Question-Book/dp/1782944214,https://images-eu.ssl-images-amazon.com/images/P/1782944214.01.L.jpg,
20,Paddington’s Suitcase: Eight funny Paddington Bear picture books for children in a gift-set carry case!,Michael Bond,10.0,Paperback,4.8,3274.0,0007251947,9780007251940,192,Educational Books,2-5,2025-02-14T09:19:17.857161,0007251947,https://www.amazon.co.uk/Paddington-Suitcase-Eight-book-Bear/dp/0007251947,https://images-eu.ssl-images-amazon.com/images/P/0007251947.01.L.jpg,
21,Numbers 0-20 Age 3-5 Wipe Clean Activity Book: The ideal home learning resource packed with number writing and early childhood educational activities (Collins Easy Learning Preschool),Collins Easy Learning,4.99,Paperback,4.7,6202.0,0008212953,9780008212957,24,Educational Books,3-4,2025-02-14T09:19:17.858786,0008212953,https://www.amazon.co.uk/NUMBERS-0-20-AGE-3-5_EASY-LEAR/dp/0008212953,https://images-eu.ssl-images-amazon.com/images/P/0008212953.01.L.jpg,
22,"The Oak Tree: a dazzling, poetic picture book, by Julia Donaldson, author of The Gruffalo and Stick Man",Julia Donaldson,4.0,Paperback,4.7,448.0,0702324353,9780702324352,32,Educational Books,3-6,2025-02-14T09:19:17.860409,0702324353,https://www.amazon.co.uk/Oak-Tree-dazzling-Donaldson-Gruffalo/dp/0702324353,https://images-eu.ssl-images-amazon.com/images/P/0702324353.01.L.jpg,
23,Charlie Cook's Favourite Book,Julia Donaldson,4.0,Paperback,4.7,4516.0,,9781509812486,32,Educational Books,2-5,2025-02-14T09:19:17.862142,1509812482,https://www.amazon.co.uk/Charlie-Cooks-Favourite-Julia-Donaldson/dp/1509812482,https://images-eu.ssl-images-amazon.com/images/P/1509812482.01.L.jpg,
24,The Last Bear: Winner of the Blue Peter Award – ‘A dazzling debut’ THE TIMES,Hannah Gold,4.5,Paperback,4.7,2660.0,000841131X,9780008411312,320,Educational Books,8+,2025-02-14T09:19:17.865113,000841131X,https://www.amazon.co.uk/Last-Bear-stunning-childrens-battle/dp/000841131X,https://images-eu.ssl-images-amazon.com/images/P/000841131X.01.L.jpg,
25,More Phonics Flashcards (Read Write Inc. Home),,5.83,Cards,4.8,5824.0,0198386818,9780198386810,55,Educational Books,4-5,2025-02-14T09:19:17.867434,0198386818,https://www.amazon.co.uk/Read-Write-Inc-Phonics-Flashcards/dp/0198386818,https://images-eu.ssl-images-amazon.com/images/P/0198386818.01.L.jpg,
26,That's not my dog...,Fiona Watt,4.0,Board book,4.8,221.0,1805312235,9781805312239,10,Educational Books,,2025-02-14T09:19:17.869286,1805312235,https://www.amazon.co.uk/Thats-not-dog-Fiona-Watt/dp/1805312235,https://images-eu.ssl-images-amazon.com/images/P/1805312235.01.L.jpg,
27,"There's a Dinosaur in Your Book: An interactive board book for toddlers: 9 (Who's in Your Book?, 9)",Tom Fletcher,4.0,Paperback,4.8,606.0,0241591317,9780241591314,32,Educational Books,2-4,2025-02-14T09:19:17.870908,0241591317,https://www.amazon.co.uk/Theres-Dinosaur-Your-Book-Whos/dp/0241591317,https://images-eu.ssl-images-amazon.com/images/P/0241591317.01.L.jpg,
28,LEGO Race Cars: 5 (Klutz),,14.99,Toy,4.4,1327.0,1338802062,9781338802061,64,Educational Books,5-7,2025-02-14T09:19:17.873196,1338802062,https://www.amazon.co.uk/LEGO-Race-Cars-Klutz-Editors/dp/1338802062,https://images-eu.ssl-images-amazon.com/images/P/1338802062.01.L.jpg,
29,Dog Man the Movie: Official Sticker Activity Book: Official Sticker Book (Dog Man Movie),Scholastic,6.49,Paperback,4.5,24.0,1546147586,9781546147589,24,Educational Books,7-10,2025-02-14T09:19:17.875294,1546147586,https://www.amazon.co.uk/Dog-Man-Movie-Official-Activity/dp/1546147586,https://images-eu.ssl-images-amazon.com/images/P/1546147586.01.L.jpg,
30,My First Library: Boxset of 10 Board Books for Kids: Boxset for Kids (Pack-1) (Early Learning),Wonder House Books Editorial,14.98,Board book,4.6,80797.0,,9789387779266,220,Educational Books,,2025-02-14T09:19:17.877808,9387779262,https://www.amazon.co.uk/First-Library-Wonder-House-Editorial/dp/9387779262,https://images-eu.ssl-images-amazon.com/images/P/9387779262.01.L.jpg,
1,Pokémon: The Epic Pocket Guide. World Book Day 2025: Become an expert Pokémon Trainer with this new handy pocket-sized guidebook for World Book Day 2025,Pokémon,1.0,Paperback,4.0,1.0,0008719810,9780008719814,64,Reference Books,5-8,2025-02-14T09:19:18.770767,0008719810,https://www.amazon.co.uk/Pok%C3%A9mon-Pocket-Trainer-pocket-sized-guidebook/dp/0008719810,https://images-eu.ssl-images-amazon.com/images/P/0008719810.01.L.jpg,
2,Guinness World Records 2025,Guinness World Records,7.0,Hardcover,4.8,1270.0,1913484556,9781913484552,256,Reference Books,,2025-02-14T09:19:18.772396,1913484556,https://www.amazon.co.uk/Guinness-World-Records-2025/dp/1913484556,https://images-eu.ssl-images-amazon.com/images/P/1913484556.01.L.jpg,
3,"Lottie Brooks’s Essential Guide to Life: Write Your own Diary with Lottie: activities and advice from the hilarious Lottie Brooks! (Lottie Brooks, 7)",Katie Kirby,4.0,Paperback,4.6,258.0,0241647207,9780241647202,320,Reference Books,10-12,2025-02-14T09:19:18.774009,0241647207,https://www.amazon.co.uk/Lottie-Brookss-Essential-Guide-Life/dp/0241647207,https://images-eu.ssl-images-amazon.com/images/P/0241647207.01.L.jpg,
4,"Weird but true! 2025: Discover weird, unbelievable facts and world records in this popular annual for the whole family (National Geographic Kids)",National Geographic Kids,10.39,Hardcover,4.7,243.0,0008694125,9780008694128,256,Reference Books,7-10,2025-02-14T09:19:18.776010,0008694125,https://www.amazon.co.uk/Weird-but-true-2025-Geographic/dp/0008694125,https://images-eu.ssl-images-amazon.com/images/P/0008694125.01.L.jpg,
5,The Girl of Ink and Stars: winner of the British Book Awards' Children's Book of the Year,Kiran Millwood Hargrave,6.99,Paperback,4.6,7916.0,1910002747,9781910002742,240,Reference Books,9-12,2025-02-14T09:19:18.777661,1910002747,https://www.amazon.co.uk/Girl-Ink-Stars-Waterstones-Childrens/dp/1910002747,https://images-eu.ssl-images-amazon.com/images/P/1910002747.01.L.jpg,
6,Pokemon Encyclopedia: Updated and Expanded 2024: New updated final edition for 2024! The ultimate fact-packed book for Pokémon fans,Pokémon,8.0,Hardcover,4.8,904.0,0008659257,9780008659257,352,Reference Books,6-10,2025-02-14T09:19:18.779325,0008659257,https://www.amazon.co.uk/Pokemon-Encyclopedia-Expanded-ultimate-fact-packed/dp/0008659257,https://images-eu.ssl-images-amazon.com/images/P/0008659257.01.L.jpg,
7,Oxford School Dictionary (Oxford Primary School Dictionaries),,7.09,Paperback,4.5,484.0,0192786733,9780192786739,832,Reference Books,,2025-02-14T09:19:18.781614,0192786733,https://www.amazon.co.uk/Oxford-School-Dictionary-Dictionaries/dp/0192786733,https://images-eu.ssl-images-amazon.com/images/P/0192786733.01.L.jpg,
8,First Words My Learning Library | Hinkler Building Blocks | Board Books for Toddlers | Early Learning for Babies,Hinkler,6.99,Board book,4.3,41.0,148895268X,9781488952685,80,Reference Books,1-2,2025-02-14T09:19:18.783408,148895268X,https://www.amazon.co.uk/Learning-Library-Hinkler-Building-Toddlers/dp/148895268X,https://images-eu.ssl-images-amazon.com/images/P/148895268X.01.L.jpg,
9,First Words Flashcards: Ideal for home learning (Collins Easy Learning Preschool),,7.35,Card Book,4.7,3934.0,0008201099,9780008201098,52,Reference Books,2-4,2025-02-14T09:19:18.785708,0008201099,https://www.amazon.co.uk/First-Flashcards-Collins-Learning-Preschool/dp/0008201099,https://images-eu.ssl-images-amazon.com/images/P/0008201099.01.L.jpg,
10,Ultimate Football Heroes 2025: the perfect World Book Day gift for fans of the beautiful game,,7.85,Paperback,4.4,85.0,1789467527,9781789467529,336,Reference Books,,2025-02-14T09:19:18.788005,1789467527,https://www.amazon.co.uk/Ultimate-Football-Heroes-2025/dp/1789467527,https://images-eu.ssl-images-amazon.com/images/P/1789467527.01.L.jpg,
11,Lift-the-Flap General Knowledge (See Inside),Alex Frith,6.0,Board book,4.8,2247.0,,9781409563990,16,Reference Books,4-7,2025-02-14T09:19:18.789703,1409563995,https://www.amazon.co.uk/Lift-Flap-General-Knowledge-Inside/dp/1409563995,https://images-eu.ssl-images-amazon.com/images/P/1409563995.01.L.jpg,
12,"Awesome Jokes That Every 6 Year Old Should Know!: Bucketloads of rib ticklers, tongue twisters and side splitters: 2",Mat Waugh,5.51,Paperback,4.6,9639.0,1999914724,9781999914721,69,Reference Books,6+,2025-02-14T09:19:18.791317,1999914724,https://www.amazon.co.uk/Awesome-Jokes-That-Every-Should/dp/1999914724,https://images-eu.ssl-images-amazon.com/images/P/1999914724.01.L.jpg,
13,Swiftle: The ultimate Taylor Swift puzzle book,Lucy Doncaster,5.0,Paperback,4.5,86.0,0241723809,9780241723807,176,Reference Books,8+,2025-02-14T09:19:18.792935,0241723809,https://www.amazon.co.uk/Swiftle-ultimate-Taylor-Swift-puzzle/dp/0241723809,https://images-eu.ssl-images-amazon.com/images/P/0241723809.01.L.jpg,
14,Collins Children’s World Wall Map: An illustrated poster for your wall: 12 (Collins Children's Poster),,6.43,Loose Leaf,4.7,2894.0,,,,Reference Books,,2025-02-14T09:19:18.795337,0008319790,https://www.amazon.co.uk/Collins-Childrens-World-Map-Maps/dp/0008319790,https://images-eu.ssl-images-amazon.com/images/P/0008319790.01.L.jpg,
15,Guinness World Records Gamer's Edition 2025,Guinness World Records,6.49,Paperback,4.7,293.0,1913484521,9781913484521,192,Reference Books,7+,2025-02-14T09:19:18.796966,1913484521,https://www.amazon.co.uk/Guinness-World-Records-Gamers-2025/dp/1913484521,https://images-eu.ssl-images-amazon.com/images/P/1913484521.01.L.jpg,
16,Jokes for 9 Year Olds: Awesome Jokes for 9 Year Olds - Birthday or Christmas Gifts for 9 Year Olds (Kids Joke Books Ages 6-12),,2.99,Paperback,4.4,1478.0,1913485064,9781913485061,51,Reference Books,,2025-02-14T09:19:18.799234,1913485064,https://www.amazon.co.uk/Jokes-Year-Olds-Birthday-Christmas/dp/1913485064,https://images-eu.ssl-images-amazon.com/images/P/1913485064.01.L.jpg,
17,Oxford School Thesaurus,Oxford Dictionaries,7.09,Paperback,4.7,112.0,0192786768,9780192786760,592,Reference Books,,2025-02-14T09:19:18.800992,0192786768,https://www.amazon.co.uk/Oxford-School-Thesaurus-Dictionaries/dp/0192786768,https://images-eu.ssl-images-amazon.com/images/P/0192786768.01.L.jpg,
18,"Amazing Facts Every 8 Year Old Needs to Know: A hilarious illustrated book of trivia, the perfect boredom busting alternative to screen time for kids! (Amazing Facts Every Kid Needs to Know)",Catherine Brereton,4.99,Paperback,4.6,693.0,0008492190,9780008492199,96,Reference Books,7-8,2025-02-14T09:19:18.802666,0008492190,https://www.amazon.co.uk/Amazing-Facts-Every-Year-Needs/dp/0008492190,https://images-eu.ssl-images-amazon.com/images/P/0008492190.01.L.jpg,
19,"The Lion, the Witch and the Wardrobe: Book 2 in the classic children’s fantasy adventure series (The Chronicles of Narnia, Book 2)",C. S. Lewis,3.49,Kindle Edition,4.5,19102.0,,,109,Reference Books,,2025-02-14T09:19:18.804284,B002UZ5J72,https://www.amazon.co.uk/Lion-Witch-Wardrobe-Chronicles-Narnia-ebook/dp/B002UZ5J72,https://images-eu.ssl-images-amazon.com/images/P/B002UZ5J72.01.L.jpg,
20,"Super Interesting Facts For Smart Kids: 1272 Fun Facts About Science, Animals, Earth and Everything in Between",Jordan Moore,3.99,Kindle Edition,4.6,2563.0,,,146,Reference Books,,2025-02-14T09:19:18.805909,B0BGFMWNMD,https://www.amazon.co.uk/Super-Interesting-Facts-Smart-Kids-ebook/dp/B0BGFMWNMD,https://images-eu.ssl-images-amazon.com/images/P/B0BGFMWNMD.01.L.jpg,
21,National Trust: Out and About Bird Spotter - A children's guide to over 100 different birds,Robyn Swift,7.35,Hardcover,4.7,1600.0,1788004221,9781788004220,96,Reference Books,5-10,2025-02-14T09:19:18.807773,1788004221,https://www.amazon.co.uk/National-Trust-Spotter-childrens-different/dp/1788004221,https://images-eu.ssl-images-amazon.com/images/P/1788004221.01.L.jpg,
22,"Easy Learning French Complete Grammar, Verbs and Vocabulary (3 books in 1): Trusted support for learning (Collins Easy Learning French)",Collins Dictionaries,12.19,Paperback,4.6,1189.0,000814172X,9780008141721,696,Reference Books,,2025-02-14T09:19:18.809429,000814172X,https://www.amazon.co.uk/Learning-Complete-Grammar-Vocabulary-Collins/dp/000814172X,https://images-eu.ssl-images-amazon.com/images/P/000814172X.01.L.jpg,
23,"Amazing Facts Every 9 Year Old Needs to Know: A hilarious illustrated book of trivia, the perfect boredom busting alternative to screen time for kids! (Amazing Facts Every Kid Needs to Know)",Catherine Brereton,4.99,Paperback,4.5,537.0,0008492204,9780008492205,96,Reference Books,9+,2025-02-14T09:19:18.811089,0008492204,https://www.amazon.co.uk/Amazing-Facts-Every-Year-Needs/dp/0008492204,https://images-eu.ssl-images-amazon.com/images/P/0008492204.01.L.jpg,
24,The Football School Encyclopedia: Everything you want to know about football,Alex Bellos,12.15,Hardcover,4.6,157.0,1529507588,9781529507584,144,Reference Books,7-11,2025-02-14T09:19:18.812707,1529507588,https://www.amazon.co.uk/Football-School-Encyclopedia-Everything-football/dp/1529507588,https://images-eu.ssl-images-amazon.com/images/P/1529507588.01.L.jpg,
25,Brilliant Maps: An Atlas for Curious Minds,Ian Wright,11.95,Paperback,4.7,668.0,1846276632,9781846276637,232,Reference Books,,2025-02-14T09:19:18.815466,1846276632,https://www.amazon.co.uk/Brilliant-Maps-Atlas-Curious-Minds/dp/1846276632,https://images-eu.ssl-images-amazon.com/images/P/1846276632.01.L.jpg,
26,Britannica First Big Book of Why: Why can't penguins fly? Why do we brush our teeth? Why does popcorn pop? The ultimate book of answers for kids who need to know WHY!,Sally Symes,14.22,Hardcover,4.8,210.0,1913750418,9781913750411,272,Reference Books,5-6,2025-02-14T09:19:18.817445,1913750418,https://www.amazon.co.uk/Britannica-First-Big-Book-Why/dp/1913750418,https://images-eu.ssl-images-amazon.com/images/P/1913750418.01.L.jpg,
27,Britannica All New Children's Encyclopedia: What We Know & What We Don't: 1,Christopher Lloyd,20.15,Hardcover,4.8,2070.0,1912920476,9781912920471,416,Reference Books,7-10,2025-02-14T09:19:18.819083,1912920476,https://www.amazon.co.uk/Britannica-All-New-Childrens-Encyclopedia/dp/1912920476,https://images-eu.ssl-images-amazon.com/images/P/1912920476.01.L.jpg,
28,Children's Bible Stories (Illustrated Treasury),Autumn Publishing,10.75,Hardcover,4.6,191.0,1803684828,9781803684826,256,Reference Books,3-8,2025-02-14T09:19:18.821000,1803684828,https://www.amazon.co.uk/Childrens-Bible-Stories-Illustrated-Treasury/dp/1803684828,https://images-eu.ssl-images-amazon.com/images/P/1803684828.01.L.jpg,
29,Weird but true! 2024: Old edition (National Geographic Kids),National Geographic Kids,5.5,Hardcover,4.8,494.0,0008619204,9780008619206,256,Reference Books,7-10,2025-02-14T09:19:18.822686,0008619204,https://www.amazon.co.uk/Weird-but-true-2024-Geographic/dp/0008619204,https://images-eu.ssl-images-amazon.com/images/P/0008619204.01.L.jpg,
30,Kay's Marvellous Medicine: A Gross and Gruesome History of the Human Body,Adam Kay,5.0,Paperback,4.7,1976.0,0241508541,9780241508541,416,Reference Books,8-11,2025-02-14T09:19:18.824318,0241508541,https://www.amazon.co.uk/Kays-Marvellous-Medicine-Gruesome-History/dp/0241508541,https://images-eu.ssl-images-amazon.com/images/P/0241508541.01.L.jpg,
