rank,title,author,price,format,rating,review_count,isbn10,isbn13,page_count,category,target_age_range,timestamp,source_file,clean_title,series_name,book_number,age_range_std,age_group,collection_date,collection_month,collection_day,ranking_normalized
1,"Stress Relief: Coloring Book for Adults and Kids, Bold and Easy, Simple and Big Designs for Relaxation Featuring Animals, Landscape, Flowers, Patterns, Cute Things And Many More (Bold & Easy Coloring)",Coco Wyo,7.99,Paperback,4.8,,,,,Children's Books (Ages 6-8),6-8,2025-01-17 14:55:23.456483,bestsellers_20250117.csv,"Stress Relief: Coloring Book for Adults and Kids, Bold and Easy, Simple and Big Designs for Relaxation Featuring Animals, Landscape, Flowers, Patterns, Cute Things And Many More (Bold & Easy Coloring)",,,6-8,Early Reader,2025-01-17,2025-01,Friday,1.0
2,Potty Time with Bean (Ms. Rachel) (Books by Ms. Rachel),Ms. Rachel,6.99,Board Book,4.7,,,,,Children's Books (Ages 6-8),6-8,2025-01-17 14:55:23.467525,bestsellers_20250117.csv,Potty Time with Bean (Ms. Rachel) (Books by Ms. Rachel),,,6-8,Early Reader,2025-01-17,2025-01,Friday,0.9655172413793104
3,Dog Man: Big Jim Begins: A Graphic Novel (Dog Man #13): From the Creator of Captain Underpants,Dav Pilkey,4.33,Hardcover,4.8,,,,,Children's Books (Ages 6-8),6-8,2025-01-17 14:55:23.471397,bestsellers_20250117.csv,Dog Man: Big Jim Begins: A Graphic Novel (Dog Man #13): From the Creator of Captain Underpants,,,6-8,Early Reader,2025-01-17,2025-01,Friday,0.9310344827586207
4,"My First Learn-to-Write Workbook: Practice for Kids with Pen Control, Line Tracing, Letters, and More!",Crystal Radke,5.26,Paperback,4.8,,,,,Children's Books (Ages 6-8),6-8,2025-01-17 14:55:23.477070,bestsellers_20250117.csv,"My First Learn-to-Write Workbook: Practice for Kids with Pen Control, Line Tracing, Letters, and More!",,,6-8,Early Reader,2025-01-17,2025-01,Friday,0.896551724137931
5,Little Blue Truck's Valentine,Alice Schertle,9.0,Hardcover,4.9,,,,,Children's Books (Ages 6-8),6-8,2025-01-17 14:55:23.484897,bestsellers_20250117.csv,Little Blue Truck's Valentine,,,6-8,Early Reader,2025-01-17,2025-01,Friday,0.8620689655172413
6,"Harry Potter and the Sorcerer's Stone, Book 1",J.K. Rowling,29.99,Audio,4.8,,,,,Children's Books (Ages 6-8),6-8,2025-01-17 14:55:23.490438,bestsellers_20250117.csv,"Harry Potter and the Sorcerer's Stone, Book 1",,,6-8,Early Reader,2025-01-17,2025-01,Friday,0.8275862068965517
7,Llama Llama I Love You,Anna Dewdney,4.89,Board Book,4.8,,,,,Children's Books (Ages 6-8),6-8,2025-01-17 14:55:23.495282,bestsellers_20250117.csv,Llama Llama I Love You,,,6-8,Early Reader,2025-01-17,2025-01,Friday,0.7931034482758621
8,"World of Eric Carle, Around the Farm 30-Button Animal Sound Book - Great for First Words - PI Kids",PI Kids,10.49,Hardcover,4.8,,,,,Children's Books (Ages 6-8),6-8,2025-01-17 14:55:23.506062,bestsellers_20250117.csv,"World of Eric Carle, Around the Farm 30-Button Animal Sound Book - Great for First Words - PI Kids",,,6-8,Early Reader,2025-01-17,2025-01,Friday,0.7586206896551724
9,"Brown Bear, Brown Bear, What Do You See?",Bill Martin Jr.,5.36,Board Book,4.9,,,,,Children's Books (Ages 6-8),6-8,2025-01-17 14:55:23.517681,bestsellers_20250117.csv,"Brown Bear, Brown Bear, What Do You See?",,,6-8,Early Reader,2025-01-17,2025-01,Friday,0.7241379310344828
10,How to Catch a Loveosaurus: A Valentine's Day Adventure,Alice Walstead,6.99,Hardcover,4.7,,,,,Children's Books (Ages 6-8),6-8,2025-01-17 14:55:23.522680,bestsellers_20250117.csv,How to Catch a Loveosaurus: A Valentine's Day Adventure,,,6-8,Early Reader,2025-01-17,2025-01,Friday,0.6896551724137931
11,I Love You to the Moon and Back,Amelia Hepworth,5.79,Board Book,4.9,,,,,Children's Books (Ages 6-8),6-8,2025-01-17 14:55:23.529423,bestsellers_20250117.csv,I Love You to the Moon and Back,,,6-8,Early Reader,2025-01-17,2025-01,Friday,0.6551724137931034
12,100 First Words (Ms. Rachel) (Books by Ms. Rachel),Ms. Rachel,6.99,Board Book,4.9,,,,,Children's Books (Ages 6-8),6-8,2025-01-17 14:55:23.537388,bestsellers_20250117.csv,100 First Words (Ms. Rachel) (Books by Ms. Rachel),,,6-8,Early Reader,2025-01-17,2025-01,Friday,0.6206896551724138
13,The Very Hungry Caterpillar,Eric Carle,6.79,Board Book,4.9,,,,,Children's Books (Ages 6-8),6-8,2025-01-17 14:55:23.543072,bestsellers_20250117.csv,The Very Hungry Caterpillar,,,6-8,Early Reader,2025-01-17,2025-01,Friday,0.5862068965517241
14,My First Library: Boxset of 10 Board Books for Kids,Wonder House Books,16.43,Board Book,4.6,,,,,Children's Books (Ages 6-8),6-8,2025-01-17 14:55:23.551518,bestsellers_20250117.csv,My First Library: Boxset of 10 Board Books for Kids,,,6-8,Early Reader,2025-01-17,2025-01,Friday,0.5517241379310345
15,"Harry Potter and the Chamber of Secrets, Book 2",J.K. Rowling,29.99,Audio,4.8,,,,,Children's Books (Ages 6-8),6-8,2025-01-17 14:55:23.559496,bestsellers_20250117.csv,"Harry Potter and the Chamber of Secrets, Book 2",,,6-8,Early Reader,2025-01-17,2025-01,Friday,0.5172413793103449
16,Escaping Peril: A Graphic Novel (Wings of Fire Graphic Novel #8) (Wings of Fire Graphix),Tui T. Sutherland,9.99,Paperback,4.8,,,,,Children's Books (Ages 6-8),6-8,2025-01-17 14:55:23.567485,bestsellers_20250117.csv,Escaping Peril: A Graphic Novel (Wings of Fire Graphic Novel #8) (Wings of Fire Graphix),,,6-8,Early Reader,2025-01-17,2025-01,Friday,0.4827586206896552
17,The Action Bible: God's Redemptive Story,Sergio Cariello,16.19,Hardcover,4.9,,,,,Children's Books (Ages 6-8),6-8,2025-01-17 14:55:23.571856,bestsellers_20250117.csv,The Action Bible: God's Redemptive Story,,,6-8,Early Reader,2025-01-17,2025-01,Friday,0.4482758620689655
18,The Rainbow Fish,Marcus Pfister,5.94,Board Book,4.8,,,,,Children's Books (Ages 6-8),6-8,2025-01-17 14:55:23.577936,bestsellers_20250117.csv,The Rainbow Fish,,,6-8,Early Reader,2025-01-17,2025-01,Friday,0.41379310344827586
19,You're My Little Cuddle Bug,Nicola Edwards,5.98,Board Book,4.9,,,,,Children's Books (Ages 6-8),6-8,2025-01-17 14:55:23.584581,bestsellers_20250117.csv,You're My Little Cuddle Bug,,,6-8,Early Reader,2025-01-17,2025-01,Friday,0.3793103448275862
20,"Harry Potter and the Prisoner of Azkaban, Book 3",J.K. Rowling,29.99,Audio,4.8,,,,,Children's Books (Ages 6-8),6-8,2025-01-17 14:55:23.591293,bestsellers_20250117.csv,"Harry Potter and the Prisoner of Azkaban, Book 3",,,6-8,Early Reader,2025-01-17,2025-01,Friday,0.3448275862068966
21,Chicka Chicka Boom Boom (Board Book),Bill Martin Jr.,4.78,Board Book,4.9,,,,,Children's Books (Ages 6-8),6-8,2025-01-17 14:55:23.596639,bestsellers_20250117.csv,Chicka Chicka Boom Boom (Board Book),,,6-8,Early Reader,2025-01-17,2025-01,Friday,0.3103448275862069
22,"Happy Valentine's Day, Mouse! (If You Give...)",Laura Numeroff,6.46,Board Book,4.8,,,,,Children's Books (Ages 6-8),6-8,2025-01-17 14:55:23.605833,bestsellers_20250117.csv,"Happy Valentine's Day, Mouse! (If You Give...)",,,6-8,Early Reader,2025-01-17,2025-01,Friday,0.27586206896551724
23,I Love You Like No Otter: A Funny and Sweet Valentine's Day Board Book for Babies and Toddlers (Punderland),Rose Rossner,6.46,Board Book,4.9,,,,,Children's Books (Ages 6-8),6-8,2025-01-17 14:55:23.622178,bestsellers_20250117.csv,I Love You Like No Otter: A Funny and Sweet Valentine's Day Board Book for Babies and Toddlers (Punderland),,,6-8,Early Reader,2025-01-17,2025-01,Friday,0.2413793103448276
24,"How To Draw Everything: 300 Drawings of Cute Stuff, Animals, Food, Gifts, and other Amazing Things | Book For Kids",Emma Greene,10.9,Paperback,4.7,,,,,Children's Books (Ages 6-8),6-8,2025-01-17 14:55:23.627816,bestsellers_20250117.csv,"How To Draw Everything: 300 Drawings of Cute Stuff, Animals, Food, Gifts, and other Amazing Things | Book For Kids",,,6-8,Early Reader,2025-01-17,2025-01,Friday,0.20689655172413793
25,"Harry Potter and the Order of the Phoenix, Book 5",J.K. Rowling,44.99,Audio,4.8,,,,,Children's Books (Ages 6-8),6-8,2025-01-17 14:55:23.635223,bestsellers_20250117.csv,"Harry Potter and the Order of the Phoenix, Book 5",,,6-8,Early Reader,2025-01-17,2025-01,Friday,0.1724137931034483
26,"Harry Potter and the Goblet of Fire, Book 4",J.K. Rowling,44.99,Audio,4.8,,,,,Children's Books (Ages 6-8),6-8,2025-01-17 14:55:23.640729,bestsellers_20250117.csv,"Harry Potter and the Goblet of Fire, Book 4",,,6-8,Early Reader,2025-01-17,2025-01,Friday,0.13793103448275862
27,100 QUEST Color By Number: Squares + Triangles + Hexagons + Circles (BLACK backgrounds): color quest activity book for adults,Sunlife Drawing,11.99,Paperback,4.5,,,,,Children's Books (Ages 6-8),6-8,2025-01-17 14:55:23.649199,bestsellers_20250117.csv,100 QUEST Color By Number: Squares + Triangles + Hexagons + Circles (BLACK backgrounds): color quest activity book for adults,,,6-8,Early Reader,2025-01-17,2025-01,Friday,0.10344827586206896
28,Dog Man: A Graphic Novel (Dog Man #1): From the Creator of Captain Underpants (1),Dav Pilkey,9.18,Hardcover,4.8,,,,,Children's Books (Ages 6-8),6-8,2025-01-17 14:55:23.654294,bestsellers_20250117.csv,Dog Man: A Graphic Novel (Dog Man #1): From the Creator of Captain Underpants (1),,,6-8,Early Reader,2025-01-17,2025-01,Friday,0.06896551724137931
29,The Wonderful Things You Will Be,Emily Winfield Martin,10.79,Hardcover,4.9,,,,,Children's Books (Ages 6-8),6-8,2025-01-17 14:55:23.661925,bestsellers_20250117.csv,The Wonderful Things You Will Be,,,6-8,Early Reader,2025-01-17,2025-01,Friday,0.034482758620689655
30,Love You Forever,Robert Munsch,4.98,Paperback,4.9,,,,,Children's Books (Ages 6-8),6-8,2025-01-17 14:55:23.669652,bestsellers_20250117.csv,Love You Forever,,,6-8,Early Reader,2025-01-17,2025-01,Friday,0.0
1,The Rainbow Fish,Marcus Pfister,5.94,Board Book,4.8,,,,,Middle Grade (Ages 9-12),9-12,2025-01-17 14:55:25.217433,bestsellers_20250117.csv,The Rainbow Fish,,,9-12,Middle Grade,2025-01-17,2025-01,Friday,1.0
2,"Happy Valentine's Day, Mouse! (If You Give...)",Laura Numeroff,6.46,Board Book,4.8,,,,,Middle Grade (Ages 9-12),9-12,2025-01-17 14:55:25.225257,bestsellers_20250117.csv,"Happy Valentine's Day, Mouse! (If You Give...)",,,9-12,Middle Grade,2025-01-17,2025-01,Friday,0.9655172413793104
3,"Hot Mess (Diary of a Wimpy Kid Book 19) (Diary of a Wimpy Kid, 19) (Volume 19)",Jeff Kinney,4.46,Hardcover,4.7,,,,,Middle Grade (Ages 9-12),9-12,2025-01-17 14:55:25.235920,bestsellers_20250117.csv,"Hot Mess (Diary of a Wimpy Kid Book 19) (Diary of a Wimpy Kid, 19) (Volume 19)",,,9-12,Middle Grade,2025-01-17,2025-01,Friday,0.9310344827586207
4,"Construction Site: You're Just Right: A Valentine Lift-the-Flap Book (Goodnight, Goodnight, Construc)",Sherri Duskey Rinker,7.5,Hardcover,4.9,,,,,Middle Grade (Ages 9-12),9-12,2025-01-17 14:55:25.243625,bestsellers_20250117.csv,"Construction Site: You're Just Right: A Valentine Lift-the-Flap Book (Goodnight, Goodnight, Construc)",,,9-12,Middle Grade,2025-01-17,2025-01,Friday,0.896551724137931
5,Holes (Holes Series),Louis Sachar,6.99,Paperback,4.7,,,,,Middle Grade (Ages 9-12),9-12,2025-01-17 14:55:25.256796,bestsellers_20250117.csv,Holes (Holes Series),,,9-12,Middle Grade,2025-01-17,2025-01,Friday,0.8620689655172413
6,"Harry Potter and the Sorcerer's Stone (Harry Potter, Book 1)",J. K. Rowling,7.14,Paperback,4.8,,,,,Middle Grade (Ages 9-12),9-12,2025-01-17 14:55:25.262352,bestsellers_20250117.csv,"Harry Potter and the Sorcerer's Stone (Harry Potter, Book 1)",,,9-12,Middle Grade,2025-01-17,2025-01,Friday,0.8275862068965517
7,Harry Potter Paperback Box Set (Books 1-7),J. K. Rowling,52.98,Paperback,4.9,,,,,Middle Grade (Ages 9-12),9-12,2025-01-17 14:55:25.279388,bestsellers_20250117.csv,Harry Potter Paperback Box Set (Books 1-7),,,9-12,Middle Grade,2025-01-17,2025-01,Friday,0.7931034482758621
8,Little Blue Truck Board Book,Alice Schertle,6.8,Board Book,4.9,,,,,Middle Grade (Ages 9-12),9-12,2025-01-17 14:55:25.309010,bestsellers_20250117.csv,Little Blue Truck Board Book,,,9-12,Middle Grade,2025-01-17,2025-01,Friday,0.7586206896551724
9,"RH/Disney, The Never Girls Collection #1: Books 1-4",Kiki Thorpe,12.99,Paperback,4.8,,,,,Middle Grade (Ages 9-12),9-12,2025-01-17 14:55:25.322259,bestsellers_20250117.csv,"RH/Disney, The Never Girls Collection #1: Books 1-4",,,9-12,Middle Grade,2025-01-17,2025-01,Friday,0.7241379310344828
10,The Pout-Pout Fish,Deborah Diesen,5.0,Board Book,4.8,,,,,Middle Grade (Ages 9-12),9-12,2025-01-17 14:55:25.340546,bestsellers_20250117.csv,The Pout-Pout Fish,,,9-12,Middle Grade,2025-01-17,2025-01,Friday,0.6896551724137931
11,Pete the Cat: Valentine's Day Is Cool,James Dean,9.88,Hardcover,4.8,,,,,Middle Grade (Ages 9-12),9-12,2025-01-17 14:55:25.354726,bestsellers_20250117.csv,Pete the Cat: Valentine's Day Is Cool,,,9-12,Middle Grade,2025-01-17,2025-01,Friday,0.6551724137931034
12,Tiny T. Rex and the Perfect Valentine,Jonathan Stutzman,6.58,Board Book,4.8,,,,,Middle Grade (Ages 9-12),9-12,2025-01-17 14:55:25.367814,bestsellers_20250117.csv,Tiny T. Rex and the Perfect Valentine,,,9-12,Middle Grade,2025-01-17,2025-01,Friday,0.6206896551724138
13,Moana: The Mighty Maui Makes a Friend (Disney Picture Book (ebook)),Disney Books,10.99,Digital,4.3,,,,,Middle Grade (Ages 9-12),9-12,2025-01-17 14:55:25.374329,bestsellers_20250117.csv,Moana: The Mighty Maui Makes a Friend (Disney Picture Book (ebook)),,,9-12,Middle Grade,2025-01-17,2025-01,Friday,0.5862068965517241
14,Number the Stars: A Newbery Award Winner,Lois Lowry,6.26,Paperback,4.7,,,,,Middle Grade (Ages 9-12),9-12,2025-01-17 14:55:25.388256,bestsellers_20250117.csv,Number the Stars: A Newbery Award Winner,,,9-12,Middle Grade,2025-01-17,2025-01,Friday,0.5517241379310345
15,"Knight Owl (Caldecott Honor Book) (The Knight Owl Series, 1)",Christopher Denise,11.0,Hardcover,4.9,,,,,Middle Grade (Ages 9-12),9-12,2025-01-17 14:55:25.396272,bestsellers_20250117.csv,"Knight Owl (Caldecott Honor Book) (The Knight Owl Series, 1)",,,9-12,Middle Grade,2025-01-17,2025-01,Friday,0.5172413793103449
16,"Harry Potter and the Sorcerer's Stone: The Illustrated Edition (Harry Potter, Book 1)",J.K. Rowling,21.34,Hardcover,4.9,,,,,Middle Grade (Ages 9-12),9-12,2025-01-17 14:55:25.408026,bestsellers_20250117.csv,"Harry Potter and the Sorcerer's Stone: The Illustrated Edition (Harry Potter, Book 1)",,,9-12,Middle Grade,2025-01-17,2025-01,Friday,0.4827586206896552
17,Wish,Barbara O'Connor,5.54,Paperback,4.7,,,,,Middle Grade (Ages 9-12),9-12,2025-01-17 14:55:25.416927,bestsellers_20250117.csv,Wish,,,9-12,Middle Grade,2025-01-17,2025-01,Friday,0.4482758620689655
18,Pop-up Peekaboo! I Love You: A surprise under every flap!,DK,8.08,Board Book,4.8,,,,,Middle Grade (Ages 9-12),9-12,2025-01-17 14:55:25.421095,bestsellers_20250117.csv,Pop-up Peekaboo! I Love You: A surprise under every flap!,,,9-12,Middle Grade,2025-01-17,2025-01,Friday,0.41379310344827586
19,Bluey 5-Minute Stories: 6 Stories in 1 Book? Hooray!,Penguin Young Readers Licenses,8.27,Hardcover,4.9,,,,,Middle Grade (Ages 9-12),9-12,2025-01-17 14:55:25.431927,bestsellers_20250117.csv,Bluey 5-Minute Stories: 6 Stories in 1 Book? Hooray!,,,9-12,Middle Grade,2025-01-17,2025-01,Friday,0.3793103448275862
20,Disney Moana - I Am Moana Little Sound Book - PI Kids (Disney Moana: Play-A-Sound) (Play-A-Song),Editors of Phoenix International Publications,10.98,Board Book,4.6,,,,,Middle Grade (Ages 9-12),9-12,2025-01-17 14:55:25.449307,bestsellers_20250117.csv,Disney Moana - I Am Moana Little Sound Book - PI Kids (Disney Moana: Play-A-Sound) (Play-A-Song),,,9-12,Middle Grade,2025-01-17,2025-01,Friday,0.3448275862068966
21,No Brainer (Diary of a Wimpy Kid #18) (Volume 18),Jeff Kinney,8.69,Hardcover,4.8,,,,,Middle Grade (Ages 9-12),9-12,2025-01-17 14:55:25.455408,bestsellers_20250117.csv,No Brainer (Diary of a Wimpy Kid #18) (Volume 18),,,9-12,Middle Grade,2025-01-17,2025-01,Friday,0.3103448275862069
22,Big Nate: What's a Little Noogie Between Friends?,Lincoln Peirce,9.49,Digital,4.6,,,,,Middle Grade (Ages 9-12),9-12,2025-01-17 14:55:25.460766,bestsellers_20250117.csv,Big Nate: What's a Little Noogie Between Friends?,,,9-12,Middle Grade,2025-01-17,2025-01,Friday,0.27586206896551724
23,Restart,Gordon Korman,6.5,Paperback,4.7,,,,,Middle Grade (Ages 9-12),9-12,2025-01-17 14:55:25.466769,bestsellers_20250117.csv,Restart,,,9-12,Middle Grade,2025-01-17,2025-01,Friday,0.2413793103448276
24,Because of Winn-Dixie,Kate DiCamillo,5.76,Paperback,4.8,,,,,Middle Grade (Ages 9-12),9-12,2025-01-17 14:55:25.471218,bestsellers_20250117.csv,Because of Winn-Dixie,,,9-12,Middle Grade,2025-01-17,2025-01,Friday,0.20689655172413793
25,The Rainbow Fish,Marcus Pfister,12.03,Hardcover,4.9,,,,,Middle Grade (Ages 9-12),9-12,2025-01-17 14:55:25.476809,bestsellers_20250117.csv,The Rainbow Fish,,,9-12,Middle Grade,2025-01-17,2025-01,Friday,0.1724137931034483
26,The Biggest Valentine Ever,Steven Kroll,5.99,Paperback,4.8,,,,,Middle Grade (Ages 9-12),9-12,2025-01-17 14:55:25.484296,bestsellers_20250117.csv,The Biggest Valentine Ever,,,9-12,Middle Grade,2025-01-17,2025-01,Friday,0.13793103448275862
27,"Ivy and Bean's Treasure Box: (Beginning Chapter Books, Funny Books for Kids, Kids Book Series) (Ivy + Bean)",Annie Barrows,12.51,Paperback,4.8,,,,,Middle Grade (Ages 9-12),9-12,2025-01-17 14:55:25.494733,bestsellers_20250117.csv,"Ivy and Bean's Treasure Box: (Beginning Chapter Books, Funny Books for Kids, Kids Book Series) (Ivy + Bean)",,,9-12,Middle Grade,2025-01-17,2025-01,Friday,0.10344827586206896
28,The Baby-sitters Club #1-7 Graphic Novel Box Set (The Baby-Sitters Club Graphix),Raina Telgemeier,44.98,Paperback,4.9,,,,,Middle Grade (Ages 9-12),9-12,2025-01-17 14:55:25.502426,bestsellers_20250117.csv,The Baby-sitters Club #1-7 Graphic Novel Box Set (The Baby-Sitters Club Graphix),,,9-12,Middle Grade,2025-01-17,2025-01,Friday,0.06896551724137931
29,The Biggest Snowman Ever,Steven Kroll,3.9,Paperback,4.8,,,,,Middle Grade (Ages 9-12),9-12,2025-01-17 14:55:25.508966,bestsellers_20250117.csv,The Biggest Snowman Ever,,,9-12,Middle Grade,2025-01-17,2025-01,Friday,0.034482758620689655
30,"Harry Potter and the Order of the Phoenix: The Illustrated Edition (Harry Potter, Book 5)",J. K. Rowling,28.73,Hardcover,4.9,,,,,Middle Grade (Ages 9-12),9-12,2025-01-17 14:55:25.513129,bestsellers_20250117.csv,"Harry Potter and the Order of the Phoenix: The Illustrated Edition (Harry Potter, Book 5)",,,9-12,Middle Grade,2025-01-17,2025-01,Friday,0.0
1,Girl Moments: Coloring Book for Adults and Teens Featuring Cute Cozy Daily Activities for Relaxation (Cozy Spaces Coloring),Coco Wyo,7.99,Paperback,4.8,,,,,Young Teen (Ages 12-14),12-14,2025-01-17 14:55:27.156935,bestsellers_20250117.csv,Girl Moments: Coloring Book for Adults and Teens Featuring Cute Cozy Daily Activities for Relaxation (Cozy Spaces Coloring),,,12-14,Young Teen,2025-01-17,2025-01,Friday,1.0
2,Binding 13 (Boys of Tommen Book 1),Chloe Walsh,7.99,Digital,4.6,,,,,Young Teen (Ages 12-14),12-14,2025-01-17 14:55:27.161813,bestsellers_20250117.csv,Binding 13 (Boys of Tommen Book 1),,,12-14,Young Teen,2025-01-17,2025-01,Friday,0.9655172413793104
3,Suzanne Collins,Suzanne Collins,19.59,Hardcover,,,,,,Young Teen (Ages 12-14),12-14,2025-01-17 14:55:27.170505,bestsellers_20250117.csv,Suzanne Collins,,,12-14,Young Teen,2025-01-17,2025-01,Friday,0.9310344827586207
4,Murder in Mesopotamia: A Hercule Poirot Mystery: The Official Authorized Edition (Hercule Poirot series Book 13),Agatha Christie,1.99,Digital,4.5,,,,,Young Teen (Ages 12-14),12-14,2025-01-17 14:55:27.175480,bestsellers_20250117.csv,Murder in Mesopotamia: A Hercule Poirot Mystery: The Official Authorized Edition (Hercule Poirot series Book 13),,,12-14,Young Teen,2025-01-17,2025-01,Friday,0.896551724137931
5,Harry Potter and the Sorcerer's Stone,J.K. Rowling,11.99,Digital,4.8,,,,,Young Teen (Ages 12-14),12-14,2025-01-17 14:55:27.179794,bestsellers_20250117.csv,Harry Potter and the Sorcerer's Stone,,,12-14,Young Teen,2025-01-17,2025-01,Friday,0.8620689655172413
6,Keeping 13 (Boys of Tommen Book 2),Chloe Walsh,7.39,Digital,4.6,,,,,Young Teen (Ages 12-14),12-14,2025-01-17 14:55:27.186127,bestsellers_20250117.csv,Keeping 13 (Boys of Tommen Book 2),,,12-14,Young Teen,2025-01-17,2025-01,Friday,0.8275862068965517
7,Zodiac Academy 3: The Reckoning,Caroline Peckham,6.99,Digital,4.6,,,,,Young Teen (Ages 12-14),12-14,2025-01-17 14:55:27.190413,bestsellers_20250117.csv,Zodiac Academy 3: The Reckoning,,,12-14,Young Teen,2025-01-17,2025-01,Friday,0.7931034482758621
8,Comfy Days: Coloring Book for Adults and Teens Featuring Super Cute Animal Characters in Cozy Hygge Moments for Relaxation (Cozy Spaces Coloring),Coco Wyo,7.99,Paperback,4.8,,,,,Young Teen (Ages 12-14),12-14,2025-01-17 14:55:27.198545,bestsellers_20250117.csv,Comfy Days: Coloring Book for Adults and Teens Featuring Super Cute Animal Characters in Cozy Hygge Moments for Relaxation (Cozy Spaces Coloring),,,12-14,Young Teen,2025-01-17,2025-01,Friday,0.7586206896551724
9,Queen of Shadows,Sarah J. Maas,30.57,Audio,4.8,,,,,Young Teen (Ages 12-14),12-14,2025-01-17 14:55:27.203048,bestsellers_20250117.csv,Queen of Shadows,,,12-14,Young Teen,2025-01-17,2025-01,Friday,0.7241379310344828
10,"Lightlark: Collector’s Edition (The Lightlark Saga Book 1) (The Lightlark Saga, 1) (Volume 1)",Alex Aster,16.9,Hardcover,4.8,,,,,Young Teen (Ages 12-14),12-14,2025-01-17 14:55:27.210738,bestsellers_20250117.csv,"Lightlark: Collector’s Edition (The Lightlark Saga Book 1) (The Lightlark Saga, 1) (Volume 1)",,,12-14,Young Teen,2025-01-17,2025-01,Friday,0.6896551724137931
11,Empire of Storms,Sarah J. Maas,34.96,Audio,4.8,,,,,Young Teen (Ages 12-14),12-14,2025-01-17 14:55:27.218640,bestsellers_20250117.csv,Empire of Storms,,,12-14,Young Teen,2025-01-17,2025-01,Friday,0.6551724137931034
12,Tower of Dawn,Sarah J. Maas,30.57,Audio,4.6,,,,,Young Teen (Ages 12-14),12-14,2025-01-17 14:55:27.223389,bestsellers_20250117.csv,Tower of Dawn,,,12-14,Young Teen,2025-01-17,2025-01,Friday,0.6206896551724138
13,If He Had Been with Me,Laura Nowlin,6.91,Digital,4.2,,,,,Young Teen (Ages 12-14),12-14,2025-01-17 14:55:27.228393,bestsellers_20250117.csv,If He Had Been with Me,,,12-14,Young Teen,2025-01-17,2025-01,Friday,0.5862068965517241
14,"Simple Art: Coloring Book for Adults and Teens, Bold and Easy Designs for Relaxation with Minimalist Features (Bold & Easy Coloring)",Coco Wyo,7.99,Paperback,4.8,,,,,Young Teen (Ages 12-14),12-14,2025-01-17 14:55:27.235340,bestsellers_20250117.csv,"Simple Art: Coloring Book for Adults and Teens, Bold and Easy Designs for Relaxation with Minimalist Features (Bold & Easy Coloring)",,,12-14,Young Teen,2025-01-17,2025-01,Friday,0.5517241379310345
15,Wicked Devil: A Standalone Enemies to Lovers Romance (Boys of Sun Valley Book 1),Daniela Romero,6.99,Digital,4.2,,,,,Young Teen (Ages 12-14),12-14,2025-01-17 14:55:27.240024,bestsellers_20250117.csv,Wicked Devil: A Standalone Enemies to Lovers Romance (Boys of Sun Valley Book 1),,,12-14,Young Teen,2025-01-17,2025-01,Friday,0.5172413793103449
16,Throne of Glass,Sarah J. Maas,8.21,Digital,4.4,,,,,Young Teen (Ages 12-14),12-14,2025-01-17 14:55:27.245071,bestsellers_20250117.csv,Throne of Glass,,,12-14,Young Teen,2025-01-17,2025-01,Friday,0.4827586206896552
17,Heir of Fire (Throne of Glass Book 3),Sarah J. Maas,8.21,Digital,4.7,,,,,Young Teen (Ages 12-14),12-14,2025-01-17 14:55:27.250980,bestsellers_20250117.csv,Heir of Fire (Throne of Glass Book 3),,,12-14,Young Teen,2025-01-17,2025-01,Friday,0.4482758620689655
18,Heartless Hunter: The Crimson Moth: Book 1,Kristen Ciccarelli,11.99,Digital,4.4,,,,,Young Teen (Ages 12-14),12-14,2025-01-17 14:55:27.255666,bestsellers_20250117.csv,Heartless Hunter: The Crimson Moth: Book 1,,,12-14,Young Teen,2025-01-17,2025-01,Friday,0.41379310344827586
19,Saving 6 (Boys of Tommen Book 3),Chloe Walsh,7.99,Digital,4.5,,,,,Young Teen (Ages 12-14),12-14,2025-01-17 14:55:27.261538,bestsellers_20250117.csv,Saving 6 (Boys of Tommen Book 3),,,12-14,Young Teen,2025-01-17,2025-01,Friday,0.3793103448275862
20,Harry Potter and the Chamber of Secrets,J.K. Rowling,11.99,Digital,4.8,,,,,Young Teen (Ages 12-14),12-14,2025-01-17 14:55:27.267746,bestsellers_20250117.csv,Harry Potter and the Chamber of Secrets,,,12-14,Young Teen,2025-01-17,2025-01,Friday,0.3448275862068966
21,Taming 7 (Boys of Tommen Book 5),Chloe Walsh,7.39,Digital,4.5,,,,,Young Teen (Ages 12-14),12-14,2025-01-17 14:55:27.272195,bestsellers_20250117.csv,Taming 7 (Boys of Tommen Book 5),,,12-14,Young Teen,2025-01-17,2025-01,Friday,0.3103448275862069
22,Queen of Shadows (Throne of Glass Book 4),Sarah J. Maas,8.21,Digital,4.8,,,,,Young Teen (Ages 12-14),12-14,2025-01-17 14:55:27.277244,bestsellers_20250117.csv,Queen of Shadows (Throne of Glass Book 4),,,12-14,Young Teen,2025-01-17,2025-01,Friday,0.27586206896551724
23,Crown of Midnight (Throne of Glass Book 2),Sarah J. Maas,8.21,Digital,4.6,,,,,Young Teen (Ages 12-14),12-14,2025-01-17 14:55:27.283531,bestsellers_20250117.csv,Crown of Midnight (Throne of Glass Book 2),,,12-14,Young Teen,2025-01-17,2025-01,Friday,0.2413793103448276
24,The Outsiders,S. E. Hinton,9.74,Paperback,4.7,,,,,Young Teen (Ages 12-14),12-14,2025-01-17 14:55:27.288487,bestsellers_20250117.csv,The Outsiders,,,12-14,Young Teen,2025-01-17,2025-01,Friday,0.20689655172413793
25,Empire of Storms (Throne Of Glass Series Book 5),Sarah J. Maas,8.21,Digital,4.8,,,,,Young Teen (Ages 12-14),12-14,2025-01-17 14:55:27.293665,bestsellers_20250117.csv,Empire of Storms (Throne Of Glass Series Book 5),,,12-14,Young Teen,2025-01-17,2025-01,Friday,0.1724137931034483
26,If Beale Street Could Talk (Vintage International),James Baldwin,1.99,Digital,4.6,,,,,Young Teen (Ages 12-14),12-14,2025-01-17 14:55:27.301096,bestsellers_20250117.csv,If Beale Street Could Talk (Vintage International),,,12-14,Young Teen,2025-01-17,2025-01,Friday,0.13793103448275862
27,Large Print Easy Color & Frame - Calm (Stress Free Coloring Book),New Seasons,9.98,Paperback,4.7,,,,,Young Teen (Ages 12-14),12-14,2025-01-17 14:55:27.308579,bestsellers_20250117.csv,Large Print Easy Color & Frame - Calm (Stress Free Coloring Book),,,12-14,Young Teen,2025-01-17,2025-01,Friday,0.10344827586206896
28,Evil Under the Sun: A Hercule Poirot Mystery: The Official Authorized Edition (Hercule Poirot series Book 22),Agatha Christie,1.99,Digital,4.4,,,,,Young Teen (Ages 12-14),12-14,2025-01-17 14:55:27.312744,bestsellers_20250117.csv,Evil Under the Sun: A Hercule Poirot Mystery: The Official Authorized Edition (Hercule Poirot series Book 22),,,12-14,Young Teen,2025-01-17,2025-01,Friday,0.06896551724137931
29,Harry Potter and the Prisoner of Azkaban,J.K. Rowling,11.99,Digital,4.8,,,,,Young Teen (Ages 12-14),12-14,2025-01-17 14:55:27.318800,bestsellers_20250117.csv,Harry Potter and the Prisoner of Azkaban,,,12-14,Young Teen,2025-01-17,2025-01,Friday,0.034482758620689655
30,Tower of Dawn (Throne of Glass Book 6),Sarah J. Maas,8.21,Digital,4.6,,,,,Young Teen (Ages 12-14),12-14,2025-01-17 14:55:27.323526,bestsellers_20250117.csv,Tower of Dawn (Throne of Glass Book 6),,,12-14,Young Teen,2025-01-17,2025-01,Friday,0.0
1,Binding 13 (Boys of Tommen Book 1),Chloe Walsh,7.99,Digital,4.6,,,,,Young Adult (Ages 14-18),14-18,2025-01-17 14:55:28.765889,bestsellers_20250117.csv,Binding 13 (Boys of Tommen Book 1),,,14-18,Young Adult,2025-01-17,2025-01,Friday,1.0
2,Suzanne Collins,Suzanne Collins,19.59,Hardcover,,,,,,Young Adult (Ages 14-18),14-18,2025-01-17 14:55:28.771294,bestsellers_20250117.csv,Suzanne Collins,,,14-18,Young Adult,2025-01-17,2025-01,Friday,0.9655172413793104
3,Murder in Mesopotamia: A Hercule Poirot Mystery: The Official Authorized Edition (Hercule Poirot series Book 13),Agatha Christie,1.99,Digital,4.5,,,,,Young Adult (Ages 14-18),14-18,2025-01-17 14:55:28.778339,bestsellers_20250117.csv,Murder in Mesopotamia: A Hercule Poirot Mystery: The Official Authorized Edition (Hercule Poirot series Book 13),,,14-18,Young Adult,2025-01-17,2025-01,Friday,0.9310344827586207
4,Harry Potter and the Sorcerer's Stone,J.K. Rowling,11.99,Digital,4.8,,,,,Young Adult (Ages 14-18),14-18,2025-01-17 14:55:28.784111,bestsellers_20250117.csv,Harry Potter and the Sorcerer's Stone,,,14-18,Young Adult,2025-01-17,2025-01,Friday,0.896551724137931
5,Keeping 13 (Boys of Tommen Book 2),Chloe Walsh,7.39,Digital,4.6,,,,,Young Adult (Ages 14-18),14-18,2025-01-17 14:55:28.788241,bestsellers_20250117.csv,Keeping 13 (Boys of Tommen Book 2),,,14-18,Young Adult,2025-01-17,2025-01,Friday,0.8620689655172413
6,Queen of Shadows,Sarah J. Maas,30.57,Audio,4.8,,,,,Young Adult (Ages 14-18),14-18,2025-01-17 14:55:28.793889,bestsellers_20250117.csv,Queen of Shadows,,,14-18,Young Adult,2025-01-17,2025-01,Friday,0.8275862068965517
7,Empire of Storms,Sarah J. Maas,34.96,Audio,4.8,,,,,Young Adult (Ages 14-18),14-18,2025-01-17 14:55:28.799821,bestsellers_20250117.csv,Empire of Storms,,,14-18,Young Adult,2025-01-17,2025-01,Friday,0.7931034482758621
8,Tower of Dawn,Sarah J. Maas,30.57,Audio,4.6,,,,,Young Adult (Ages 14-18),14-18,2025-01-17 14:55:28.806630,bestsellers_20250117.csv,Tower of Dawn,,,14-18,Young Adult,2025-01-17,2025-01,Friday,0.7586206896551724
9,Wicked Devil: A Standalone Enemies to Lovers Romance (Boys of Sun Valley Book 1),Daniela Romero,6.99,Digital,4.2,,,,,Young Adult (Ages 14-18),14-18,2025-01-17 14:55:28.811317,bestsellers_20250117.csv,Wicked Devil: A Standalone Enemies to Lovers Romance (Boys of Sun Valley Book 1),,,14-18,Young Adult,2025-01-17,2025-01,Friday,0.7241379310344828
10,Heir of Fire (Throne of Glass Book 3),Sarah J. Maas,8.21,Digital,4.7,,,,,Young Adult (Ages 14-18),14-18,2025-01-17 14:55:28.820463,bestsellers_20250117.csv,Heir of Fire (Throne of Glass Book 3),,,14-18,Young Adult,2025-01-17,2025-01,Friday,0.6896551724137931
11,Saving 6 (Boys of Tommen Book 3),Chloe Walsh,7.99,Digital,4.5,,,,,Young Adult (Ages 14-18),14-18,2025-01-17 14:55:28.826361,bestsellers_20250117.csv,Saving 6 (Boys of Tommen Book 3),,,14-18,Young Adult,2025-01-17,2025-01,Friday,0.6551724137931034
12,Harry Potter and the Chamber of Secrets,J.K. Rowling,11.99,Digital,4.8,,,,,Young Adult (Ages 14-18),14-18,2025-01-17 14:55:28.832476,bestsellers_20250117.csv,Harry Potter and the Chamber of Secrets,,,14-18,Young Adult,2025-01-17,2025-01,Friday,0.6206896551724138
13,Taming 7 (Boys of Tommen Book 5),Chloe Walsh,7.39,Digital,4.5,,,,,Young Adult (Ages 14-18),14-18,2025-01-17 14:55:28.836887,bestsellers_20250117.csv,Taming 7 (Boys of Tommen Book 5),,,14-18,Young Adult,2025-01-17,2025-01,Friday,0.5862068965517241
14,The Outsiders,S. E. Hinton,9.74,Paperback,4.7,,,,,Young Adult (Ages 14-18),14-18,2025-01-17 14:55:28.841694,bestsellers_20250117.csv,The Outsiders,,,14-18,Young Adult,2025-01-17,2025-01,Friday,0.5517241379310345
15,Evil Under the Sun: A Hercule Poirot Mystery: The Official Authorized Edition (Hercule Poirot series Book 22),Agatha Christie,1.99,Digital,4.4,,,,,Young Adult (Ages 14-18),14-18,2025-01-17 14:55:28.845838,bestsellers_20250117.csv,Evil Under the Sun: A Hercule Poirot Mystery: The Official Authorized Edition (Hercule Poirot series Book 22),,,14-18,Young Adult,2025-01-17,2025-01,Friday,0.5172413793103449
16,Redeeming 6 (Boys of Tommen Book 4),Chloe Walsh,7.99,Digital,4.7,,,,,Young Adult (Ages 14-18),14-18,2025-01-17 14:55:28.851839,bestsellers_20250117.csv,Redeeming 6 (Boys of Tommen Book 4),,,14-18,Young Adult,2025-01-17,2025-01,Friday,0.4827586206896552
17,Lord of the Flies,William Golding,6.59,Paperback,4.5,,,,,Young Adult (Ages 14-18),14-18,2025-01-17 14:55:28.856500,bestsellers_20250117.csv,Lord of the Flies,,,14-18,Young Adult,2025-01-17,2025-01,Friday,0.4482758620689655
18,Harry Potter and the Goblet of Fire,J.K. Rowling,11.99,Digital,4.8,,,,,Young Adult (Ages 14-18),14-18,2025-01-17 14:55:28.861391,bestsellers_20250117.csv,Harry Potter and the Goblet of Fire,,,14-18,Young Adult,2025-01-17,2025-01,Friday,0.41379310344827586
19,Harry Potter and the Order of the Phoenix,J.K. Rowling,11.99,Digital,4.8,,,,,Young Adult (Ages 14-18),14-18,2025-01-17 14:55:28.867073,bestsellers_20250117.csv,Harry Potter and the Order of the Phoenix,,,14-18,Young Adult,2025-01-17,2025-01,Friday,0.3793103448275862
20,Suzanne Collins,Suzanne Collins,18.37,Audio,,,,,,Young Adult (Ages 14-18),14-18,2025-01-17 14:55:28.872944,bestsellers_20250117.csv,Suzanne Collins,,,14-18,Young Adult,2025-01-17,2025-01,Friday,0.3448275862068966
21,A Thousand Boy Kisses (NEW BONUS CONTENT),Tillie Cole,3.99,Digital,4.5,,,,,Young Adult (Ages 14-18),14-18,2025-01-17 14:55:28.877795,bestsellers_20250117.csv,A Thousand Boy Kisses (NEW BONUS CONTENT),,,14-18,Young Adult,2025-01-17,2025-01,Friday,0.3103448275862069
22,"The Giver: A Newbery Award Winner (Giver Quartet, 1)",Lois Lowry,7.0,Paperback,4.6,,,,,Young Adult (Ages 14-18),14-18,2025-01-17 14:55:28.884069,bestsellers_20250117.csv,"The Giver: A Newbery Award Winner (Giver Quartet, 1)",,,14-18,Young Adult,2025-01-17,2025-01,Friday,0.27586206896551724
23,The Naturals,Jennifer Lynn Barnes,8.99,Digital,4.4,,,,,Young Adult (Ages 14-18),14-18,2025-01-17 14:55:28.888758,bestsellers_20250117.csv,The Naturals,,,14-18,Young Adult,2025-01-17,2025-01,Friday,0.2413793103448276
24,"The Hunger Games: Hunger Games, Book One",Suzanne Collins,19.1,Audio,4.7,,,,,Young Adult (Ages 14-18),14-18,2025-01-17 14:55:28.893554,bestsellers_20250117.csv,"The Hunger Games: Hunger Games, Book One",,,14-18,Young Adult,2025-01-17,2025-01,Friday,0.20689655172413793
25,Ruthless Vows (Letters of Enchantment Book 2),Rebecca Ross,12.99,Digital,4.2,,,,,Young Adult (Ages 14-18),14-18,2025-01-17 14:55:28.899754,bestsellers_20250117.csv,Ruthless Vows (Letters of Enchantment Book 2),,,14-18,Young Adult,2025-01-17,2025-01,Friday,0.1724137931034483
26,The Catcher in the Rye,J. D. Salinger,7.03,Paperback,4.4,,,,,Young Adult (Ages 14-18),14-18,2025-01-17 14:55:28.904602,bestsellers_20250117.csv,The Catcher in the Rye,,,14-18,Young Adult,2025-01-17,2025-01,Friday,0.13793103448275862
27,The Ballad of Songbirds and Snakes: A Hunger Games Novel,Suzanne Collins,20.47,Audio,4.6,,,,,Young Adult (Ages 14-18),14-18,2025-01-17 14:55:28.909675,bestsellers_20250117.csv,The Ballad of Songbirds and Snakes: A Hunger Games Novel,,,14-18,Young Adult,2025-01-17,2025-01,Friday,0.10344827586206896
28,Hatchet,Gary Paulsen,5.41,Paperback,4.7,,,,,Young Adult (Ages 14-18),14-18,2025-01-17 14:55:28.915686,bestsellers_20250117.csv,Hatchet,,,14-18,Young Adult,2025-01-17,2025-01,Friday,0.06896551724137931
29,Us Dark Few (Us Dark Few Series Book 1),Alexis Patton,5.99,Digital,4.3,,,,,Young Adult (Ages 14-18),14-18,2025-01-17 14:55:28.920058,bestsellers_20250117.csv,Us Dark Few (Us Dark Few Series Book 1),,,14-18,Young Adult,2025-01-17,2025-01,Friday,0.034482758620689655
30,That's Not My Name,Megan Lally,15.04,Audio,4.3,,,,,Young Adult (Ages 14-18),14-18,2025-01-17 14:55:28.924807,bestsellers_20250117.csv,That's Not My Name,,,14-18,Young Adult,2025-01-17,2025-01,Friday,0.0
1,How to Catch a Loveosaurus: A Valentine's Day Adventure,Alice Walstead,6.99,Hardcover,4.7,,,,,Graphic Novels,,2025-01-17 14:55:30.854709,bestsellers_20250117.csv,How to Catch a Loveosaurus: A Valentine's Day Adventure,,,,,2025-01-17,2025-01,Friday,1.0
2,I Love You to the Moon and Back,Amelia Hepworth,5.79,Board Book,4.9,,,,,Graphic Novels,,2025-01-17 14:55:30.862604,bestsellers_20250117.csv,I Love You to the Moon and Back,,,,,2025-01-17,2025-01,Friday,0.9655172413793104
3,The Rainbow Fish,Marcus Pfister,5.94,Board Book,4.8,,,,,Graphic Novels,,2025-01-17 14:55:30.868954,bestsellers_20250117.csv,The Rainbow Fish,,,,,2025-01-17,2025-01,Friday,0.9310344827586207
4,You're My Little Cuddle Bug,Nicola Edwards,5.98,Board Book,4.9,,,,,Graphic Novels,,2025-01-17 14:55:30.873152,bestsellers_20250117.csv,You're My Little Cuddle Bug,,,,,2025-01-17,2025-01,Friday,0.896551724137931
5,"Harry Potter and the Prisoner of Azkaban, Book 3",J.K. Rowling,29.99,Audio,4.8,,,,,Graphic Novels,,2025-01-17 14:55:30.878272,bestsellers_20250117.csv,"Harry Potter and the Prisoner of Azkaban, Book 3",,,,,2025-01-17,2025-01,Friday,0.8620689655172413
6,"Happy Valentine's Day, Mouse! (If You Give...)",Laura Numeroff,6.46,Board Book,4.8,,,,,Graphic Novels,,2025-01-17 14:55:30.884531,bestsellers_20250117.csv,"Happy Valentine's Day, Mouse! (If You Give...)",,,,,2025-01-17,2025-01,Friday,0.8275862068965517
7,I Love You Like No Otter: A Funny and Sweet Valentine's Day Board Book for Babies and Toddlers (Punderland),Rose Rossner,6.46,Board Book,4.9,,,,,Graphic Novels,,2025-01-17 14:55:30.889034,bestsellers_20250117.csv,I Love You Like No Otter: A Funny and Sweet Valentine's Day Board Book for Babies and Toddlers (Punderland),,,,,2025-01-17,2025-01,Friday,0.7931034482758621
8,"Harry Potter and the Goblet of Fire, Book 4",J.K. Rowling,44.99,Audio,4.8,,,,,Graphic Novels,,2025-01-17 14:55:30.893676,bestsellers_20250117.csv,"Harry Potter and the Goblet of Fire, Book 4",,,,,2025-01-17,2025-01,Friday,0.7586206896551724
9,"Hot Mess (Diary of a Wimpy Kid Book 19) (Diary of a Wimpy Kid, 19) (Volume 19)",Jeff Kinney,4.46,Hardcover,4.7,,,,,Graphic Novels,,2025-01-17 14:55:30.900930,bestsellers_20250117.csv,"Hot Mess (Diary of a Wimpy Kid Book 19) (Diary of a Wimpy Kid, 19) (Volume 19)",,,,,2025-01-17,2025-01,Friday,0.7241379310344828
10,"Construction Site: You're Just Right: A Valentine Lift-the-Flap Book (Goodnight, Goodnight, Construc)",Sherri Duskey Rinker,7.5,Hardcover,4.9,,,,,Graphic Novels,,2025-01-17 14:55:30.905126,bestsellers_20250117.csv,"Construction Site: You're Just Right: A Valentine Lift-the-Flap Book (Goodnight, Goodnight, Construc)",,,,,2025-01-17,2025-01,Friday,0.6896551724137931
11,"The Invisible String (The Invisible String, 1)",Patrice Karst,6.99,Paperback,4.8,,,,,Graphic Novels,,2025-01-17 14:55:30.911452,bestsellers_20250117.csv,"The Invisible String (The Invisible String, 1)",,,,,2025-01-17,2025-01,Friday,0.6551724137931034
12,I'll Love You Till the Cows Come Home Board Book,Kathryn Cristaldi,2.26,Board Book,4.9,,,,,Graphic Novels,,2025-01-17 14:55:30.917693,bestsellers_20250117.csv,I'll Love You Till the Cows Come Home Board Book,,,,,2025-01-17,2025-01,Friday,0.6206896551724138
13,Why a Son Needs a Mom: Celebrate Your Special Mother Son Bond this Valentine's Day with this Heartwarming Picture Book! (Always in My Heart),Gregory E. Lang,6.05,Hardcover,4.9,,,,,Graphic Novels,,2025-01-17 14:55:30.923045,bestsellers_20250117.csv,Why a Son Needs a Mom: Celebrate Your Special Mother Son Bond this Valentine's Day with this Heartwarming Picture Book! (Always in My Heart),,,,,2025-01-17,2025-01,Friday,0.5862068965517241
14,Grumpy Monkey Valentine Gross-Out: Includes Valentine Stickers,Suzanne Lang,8.74,Hardcover,4.8,,,,,Graphic Novels,,2025-01-17 14:55:30.927778,bestsellers_20250117.csv,Grumpy Monkey Valentine Gross-Out: Includes Valentine Stickers,,,,,2025-01-17,2025-01,Friday,0.5517241379310345
15,Dr. Seuss's Who Loves You? (Dr. Seuss's Gift Books),Dr. Seuss,2.34,Hardcover,4.8,,,,,Graphic Novels,,2025-01-17 14:55:30.933658,bestsellers_20250117.csv,Dr. Seuss's Who Loves You? (Dr. Seuss's Gift Books),,,,,2025-01-17,2025-01,Friday,0.5172413793103449
16,Holes (Holes Series),Louis Sachar,6.99,Paperback,4.7,,,,,Graphic Novels,,2025-01-17 14:55:30.937757,bestsellers_20250117.csv,Holes (Holes Series),,,,,2025-01-17,2025-01,Friday,0.4827586206896552
17,Giraffes Can't Dance,Giles Andreae,6.5,Board Book,4.8,,,,,Graphic Novels,,2025-01-17 14:55:30.942503,bestsellers_20250117.csv,Giraffes Can't Dance,,,,,2025-01-17,2025-01,Friday,0.4482758620689655
18,"Harry Potter and the Sorcerer's Stone (Harry Potter, Book 1)",J. K. Rowling,7.14,Paperback,4.8,,,,,Graphic Novels,,2025-01-17 14:55:30.946825,bestsellers_20250117.csv,"Harry Potter and the Sorcerer's Stone (Harry Potter, Book 1)",,,,,2025-01-17,2025-01,Friday,0.41379310344827586
19,The Day the Crayons Quit,Drew Daywalt,9.5,Hardcover,4.8,,,,,Graphic Novels,,2025-01-17 14:55:30.953052,bestsellers_20250117.csv,The Day the Crayons Quit,,,,,2025-01-17,2025-01,Friday,0.3793103448275862
20,"Preschool Big Fun Workbook: 256-Page Preschool Activity Book Full of Preschool Math, Language Arts, Writing Practice, Shapes Practice, Puzzles and More (Highlights™ Big Fun Activity Workbooks)",Highlights Learning,7.14,Paperback,4.8,,,,,Graphic Novels,,2025-01-17 14:55:30.958558,bestsellers_20250117.csv,"Preschool Big Fun Workbook: 256-Page Preschool Activity Book Full of Preschool Math, Language Arts, Writing Practice, Shapes Practice, Puzzles and More (Highlights™ Big Fun Activity Workbooks)",,,,,2025-01-17,2025-01,Friday,0.3448275862068966
21,What Should Danny Do? (The Power to Choose Series),Adir Levy,12.52,Hardcover,4.8,,,,,Graphic Novels,,2025-01-17 14:55:30.962660,bestsellers_20250117.csv,What Should Danny Do? (The Power to Choose Series),,,,,2025-01-17,2025-01,Friday,0.3103448275862069
22,Why a Daughter Needs a Dad: Celebrate Your Father Daughter Bond this Valentine's Day with this Special Picture Book! (Always in My Heart),Gregory E. Lang,7.99,Hardcover,4.9,,,,,Graphic Novels,,2025-01-17 14:55:30.968880,bestsellers_20250117.csv,Why a Daughter Needs a Dad: Celebrate Your Father Daughter Bond this Valentine's Day with this Special Picture Book! (Always in My Heart),,,,,2025-01-17,2025-01,Friday,0.27586206896551724
23,Harry Potter Paperback Box Set (Books 1-7),J. K. Rowling,52.98,Paperback,4.9,,,,,Graphic Novels,,2025-01-17 14:55:30.973726,bestsellers_20250117.csv,Harry Potter Paperback Box Set (Books 1-7),,,,,2025-01-17,2025-01,Friday,0.2413793103448276
24,My Magical Choices - Teach Kids to Choose a Great Day with their Choices!,Becky Cummings,14.14,Hardcover,4.8,,,,,Graphic Novels,,2025-01-17 14:55:30.978098,bestsellers_20250117.csv,My Magical Choices - Teach Kids to Choose a Great Day with their Choices!,,,,,2025-01-17,2025-01,Friday,0.20689655172413793
25,"School Zone Big Preschool Workbook: Kids Learning Skills Ages 3 to 5, Handwriting, ABCs, Phonics, Early Math & Numbers, Colors & Shapes, Follow Directions, and More, 320 Pages",School Zone,9.85,Paperback,4.8,,,,,Graphic Novels,,2025-01-17 14:55:30.984017,bestsellers_20250117.csv,"School Zone Big Preschool Workbook: Kids Learning Skills Ages 3 to 5, Handwriting, ABCs, Phonics, Early Math & Numbers, Colors & Shapes, Follow Directions, and More, 320 Pages",,,,,2025-01-17,2025-01,Friday,0.1724137931034483
26,"You are an Amazing Girl: A Collection of Inspiring Stories about Courage, Friendship, Inner Strength and Self-Confidence (Motivational Books for Children)",Nadia Ross,10.09,Paperback,4.8,,,,,Graphic Novels,,2025-01-17 14:55:30.988166,bestsellers_20250117.csv,"You are an Amazing Girl: A Collection of Inspiring Stories about Courage, Friendship, Inner Strength and Self-Confidence (Motivational Books for Children)",,,,,2025-01-17,2025-01,Friday,0.13793103448275862
27,Love from The Very Hungry Caterpillar (The World of Eric Carle),Eric Carle,6.78,Hardcover,4.8,,,,,Graphic Novels,,2025-01-17 14:55:30.992817,bestsellers_20250117.csv,Love from The Very Hungry Caterpillar (The World of Eric Carle),,,,,2025-01-17,2025-01,Friday,0.10344827586206896
28,Girls on the Rise,Amanda Gorman,16.99,Hardcover,4.5,,,,,Graphic Novels,,2025-01-17 14:55:30.997194,bestsellers_20250117.csv,Girls on the Rise,,,,,2025-01-17,2025-01,Friday,0.06896551724137931
29,Why a Daughter Needs a Mom: Celebrate Your Special Mother Daughter Bond this Valentine's Day with this Heartwarming Picture Book! (Always in My Heart),Gregory E. Lang,7.66,Hardcover,4.9,,,,,Graphic Novels,,2025-01-17 14:55:31.004328,bestsellers_20250117.csv,Why a Daughter Needs a Mom: Celebrate Your Special Mother Daughter Bond this Valentine's Day with this Heartwarming Picture Book! (Always in My Heart),,,,,2025-01-17,2025-01,Friday,0.034482758620689655
30,Grumpy Monkey,Suzanne Lang,9.98,Hardcover,4.8,,,,,Graphic Novels,,2025-01-17 14:55:31.010767,bestsellers_20250117.csv,Grumpy Monkey,,,,,2025-01-17,2025-01,Friday,0.0
1,Potty Time with Bean (Ms. Rachel) (Books by Ms. Rachel),Ms. Rachel,6.99,Board Book,4.7,,,,,Educational Fiction,,2025-01-17 14:55:32.459541,bestsellers_20250117.csv,Potty Time with Bean (Ms. Rachel) (Books by Ms. Rachel),,,,,2025-01-17,2025-01,Friday,1.0
2,"My First Learn-to-Write Workbook: Practice for Kids with Pen Control, Line Tracing, Letters, and More!",Crystal Radke,5.26,Paperback,4.8,,,,,Educational Fiction,,2025-01-17 14:55:32.465799,bestsellers_20250117.csv,"My First Learn-to-Write Workbook: Practice for Kids with Pen Control, Line Tracing, Letters, and More!",,,,,2025-01-17,2025-01,Friday,0.9655172413793104
3,"World of Eric Carle, Around the Farm 30-Button Animal Sound Book - Great for First Words - PI Kids",PI Kids,10.49,Hardcover,4.8,,,,,Educational Fiction,,2025-01-17 14:55:32.471693,bestsellers_20250117.csv,"World of Eric Carle, Around the Farm 30-Button Animal Sound Book - Great for First Words - PI Kids",,,,,2025-01-17,2025-01,Friday,0.9310344827586207
4,"Brown Bear, Brown Bear, What Do You See?",Bill Martin Jr.,5.36,Board Book,4.9,,,,,Educational Fiction,,2025-01-17 14:55:32.476452,bestsellers_20250117.csv,"Brown Bear, Brown Bear, What Do You See?",,,,,2025-01-17,2025-01,Friday,0.896551724137931
5,100 First Words (Ms. Rachel) (Books by Ms. Rachel),Ms. Rachel,6.99,Board Book,4.9,,,,,Educational Fiction,,2025-01-17 14:55:32.482517,bestsellers_20250117.csv,100 First Words (Ms. Rachel) (Books by Ms. Rachel),,,,,2025-01-17,2025-01,Friday,0.8620689655172413
6,The Very Hungry Caterpillar,Eric Carle,6.79,Board Book,4.9,,,,,Educational Fiction,,2025-01-17 14:55:32.486769,bestsellers_20250117.csv,The Very Hungry Caterpillar,,,,,2025-01-17,2025-01,Friday,0.8275862068965517
7,My First Library: Boxset of 10 Board Books for Kids,Wonder House Books,16.43,Board Book,4.6,,,,,Educational Fiction,,2025-01-17 14:55:32.494421,bestsellers_20250117.csv,My First Library: Boxset of 10 Board Books for Kids,,,,,2025-01-17,2025-01,Friday,0.7931034482758621
8,Chicka Chicka Boom Boom (Board Book),Bill Martin Jr.,4.78,Board Book,4.9,,,,,Educational Fiction,,2025-01-17 14:55:32.500813,bestsellers_20250117.csv,Chicka Chicka Boom Boom (Board Book),,,,,2025-01-17,2025-01,Friday,0.7586206896551724
9,The Wonderful Things You Will Be,Emily Winfield Martin,10.79,Hardcover,4.9,,,,,Educational Fiction,,2025-01-17 14:55:32.509977,bestsellers_20250117.csv,The Wonderful Things You Will Be,,,,,2025-01-17,2025-01,Friday,0.7241379310344828
10,"Hello, Baby Animals: A Black-and-White Board Book for Babies That Helps Visual Development (High-Contrast Books)",duopress labs,5.39,Board Book,4.9,,,,,Educational Fiction,,2025-01-17 14:55:32.516314,bestsellers_20250117.csv,"Hello, Baby Animals: A Black-and-White Board Book for Babies That Helps Visual Development (High-Contrast Books)",,,,,2025-01-17,2025-01,Friday,0.6896551724137931
11,8 Little Planets: A Solar System Book for Kids with Unique Planet Cutouts,Chris Ferrie,5.89,Board Book,4.8,,,,,Educational Fiction,,2025-01-17 14:55:32.521837,bestsellers_20250117.csv,8 Little Planets: A Solar System Book for Kids with Unique Planet Cutouts,,,,,2025-01-17,2025-01,Friday,0.6551724137931034
12,"Bob Books - Set 1: Beginning Readers Box Set | Phonics, Ages 4 and up, Kindergarten (Stage 1: Starting to Read)",Bobby Lynn Maslen,11.4,Paperback,4.8,,,,,Educational Fiction,,2025-01-17 14:55:32.526877,bestsellers_20250117.csv,"Bob Books - Set 1: Beginning Readers Box Set | Phonics, Ages 4 and up, Kindergarten (Stage 1: Starting to Read)",,,,,2025-01-17,2025-01,Friday,0.6206896551724138
13,The Going To Bed Book,Sandra Boynton,5.02,Board Book,4.8,,,,,Educational Fiction,,2025-01-17 14:55:32.533086,bestsellers_20250117.csv,The Going To Bed Book,,,,,2025-01-17,2025-01,Friday,0.5862068965517241
14,"The Creative Toddler’s First Coloring Book Ages 1-3: 100 Everyday Things and Animals to Color and Learn | For Toddlers and Kids ages 1, 2 & 3 (US Edition)",Imagi Press,5.99,Paperback,4.8,,,,,Educational Fiction,,2025-01-17 14:55:32.537596,bestsellers_20250117.csv,"The Creative Toddler’s First Coloring Book Ages 1-3: 100 Everyday Things and Animals to Color and Learn | For Toddlers and Kids ages 1, 2 & 3 (US Edition)",,,,,2025-01-17,2025-01,Friday,0.5517241379310345
15,My First Coloring Book (Ms. Rachel) (Books by Ms. Rachel),Ms. Rachel,7.99,Paperback,5.0,,,,,Educational Fiction,,2025-01-17 14:55:32.542528,bestsellers_20250117.csv,My First Coloring Book (Ms. Rachel) (Books by Ms. Rachel),,,,,2025-01-17,2025-01,Friday,0.5172413793103449
16,My First Book of Baby Signs: 40 Essential Signs to Learn and Practice,Lane Rebelo,4.39,Paperback,4.8,,,,,Educational Fiction,,2025-01-17 14:55:32.549250,bestsellers_20250117.csv,My First Book of Baby Signs: 40 Essential Signs to Learn and Practice,,,,,2025-01-17,2025-01,Friday,0.4827586206896552
17,Sneezy the Snowman,Maureen Wright,9.99,Paperback,4.8,,,,,Educational Fiction,,2025-01-17 14:55:32.553770,bestsellers_20250117.csv,Sneezy the Snowman,,,,,2025-01-17,2025-01,Friday,0.4482758620689655
18,"Baby Einstein - My First Library Board Book Block 12-Book Set - First Words, Alphabet, Numbers, and More! - PI Kids",Editors of Phoenix International Publications,9.36,Board Book,4.7,,,,,Educational Fiction,,2025-01-17 14:55:32.559083,bestsellers_20250117.csv,"Baby Einstein - My First Library Board Book Block 12-Book Set - First Words, Alphabet, Numbers, and More! - PI Kids",,,,,2025-01-17,2025-01,Friday,0.41379310344827586
19,"School Zone Alphabet Flash Cards: Learn the ABCs, Preschool & Toddlers, Letters & Phonics, Colorful & Fun Learning, Ages 3 and Up, 56 Cards",School Zone,3.49,Digital,4.8,,,,,Educational Fiction,,2025-01-17 14:55:32.567414,bestsellers_20250117.csv,"School Zone Alphabet Flash Cards: Learn the ABCs, Preschool & Toddlers, Letters & Phonics, Colorful & Fun Learning, Ages 3 and Up, 56 Cards",,,,,2025-01-17,2025-01,Friday,0.3793103448275862
20,"Preschool Big Fun Workbook: 256-Page Preschool Activity Book Full of Preschool Math, Language Arts, Writing Practice, Shapes Practice, Puzzles and More (Highlights™ Big Fun Activity Workbooks)",Highlights Learning,7.14,Paperback,4.8,,,,,Educational Fiction,,2025-01-17 14:55:32.572084,bestsellers_20250117.csv,"Preschool Big Fun Workbook: 256-Page Preschool Activity Book Full of Preschool Math, Language Arts, Writing Practice, Shapes Practice, Puzzles and More (Highlights™ Big Fun Activity Workbooks)",,,,,2025-01-17,2025-01,Friday,0.3448275862068966
21,Noisy Baby Animals: Includes Six Sounds! (My First),Patricia Hegarty,8.53,Board Book,4.8,,,,,Educational Fiction,,2025-01-17 14:55:32.576629,bestsellers_20250117.csv,Noisy Baby Animals: Includes Six Sounds! (My First),,,,,2025-01-17,2025-01,Friday,0.3103448275862069
22,"See You Later, Alligator",Sally Hopgood,14.42,Hardcover,4.8,,,,,Educational Fiction,,2025-01-17 14:55:32.582842,bestsellers_20250117.csv,"See You Later, Alligator",,,,,2025-01-17,2025-01,Friday,0.27586206896551724
23,Nursery Rhymes Board Book: Illustrated Classic Nursery Rhymes (My First Book series),Wonder House Books,6.5,Board Book,4.7,,,,,Educational Fiction,,2025-01-17 14:55:32.587368,bestsellers_20250117.csv,Nursery Rhymes Board Book: Illustrated Classic Nursery Rhymes (My First Book series),,,,,2025-01-17,2025-01,Friday,0.2413793103448276
24,"Indestructibles: Hello, Farm!: Chew Proof · Rip Proof · Nontoxic · 100% Washable (Book for Babies, Newborn Books, Safe to Chew)",Amy Pixton,4.78,Paperback,4.7,,,,,Educational Fiction,,2025-01-17 14:55:32.592366,bestsellers_20250117.csv,"Indestructibles: Hello, Farm!: Chew Proof · Rip Proof · Nontoxic · 100% Washable (Book for Babies, Newborn Books, Safe to Chew)",,,,,2025-01-17,2025-01,Friday,0.20689655172413793
25,First 100 Words: A Padded Board Book,Roger Priddy,4.06,Board Book,4.7,,,,,Educational Fiction,,2025-01-17 14:55:32.596686,bestsellers_20250117.csv,First 100 Words: A Padded Board Book,,,,,2025-01-17,2025-01,Friday,0.1724137931034483
26,"I Love You Just Like This!: A Heartfelt Picture Book with Elmo About Love, Joy, and Gratitude (Sesame Street Scribbles)",Sesame Workshop,6.99,Hardcover,4.8,,,,,Educational Fiction,,2025-01-17 14:55:32.602823,bestsellers_20250117.csv,"I Love You Just Like This!: A Heartfelt Picture Book with Elmo About Love, Joy, and Gratitude (Sesame Street Scribbles)",,,,,2025-01-17,2025-01,Friday,0.13793103448275862
27,Peekaboo: Love (Peekaboo You),Camilla Reid,7.98,Board Book,4.8,,,,,Educational Fiction,,2025-01-17 14:55:32.607433,bestsellers_20250117.csv,Peekaboo: Love (Peekaboo You),,,,,2025-01-17,2025-01,Friday,0.10344827586206896
28,Let's Go to the Potty!: A Potty Training Book for Toddlers,Allison Jandu,4.69,Paperback,4.7,,,,,Educational Fiction,,2025-01-17 14:55:32.611574,bestsellers_20250117.csv,Let's Go to the Potty!: A Potty Training Book for Toddlers,,,,,2025-01-17,2025-01,Friday,0.06896551724137931
29,"Moo, Baa, La La La!",Sandra Boynton,6.5,Board Book,4.9,,,,,Educational Fiction,,2025-01-17 14:55:32.617635,bestsellers_20250117.csv,"Moo, Baa, La La La!",,,,,2025-01-17,2025-01,Friday,0.034482758620689655
30,"Our Little Library: A Foundational Language Vocabulary Board Book Set for Babies, Including Farm Animals, Forest Animals, Fruits and Veggies, Toys, and Transportation (Our Little Adventures Series)",Tabitha Paige,20.99,Board Book,4.9,,,,,Educational Fiction,,2025-01-17 14:55:32.622019,bestsellers_20250117.csv,"Our Little Library: A Foundational Language Vocabulary Board Book Set for Babies, Including Farm Animals, Forest Animals, Fruits and Veggies, Toys, and Transportation (Our Little Adventures Series)",,,,,2025-01-17,2025-01,Friday,0.0
1,"Preschool Big Fun Workbook: 256-Page Preschool Activity Book Full of Preschool Math, Language Arts, Writing Practice, Shapes Practice, Puzzles and More (Highlights™ Big Fun Activity Workbooks)",Highlights Learning,7.14,Paperback,4.8,,,,,Educational Reference,,2025-01-17 14:55:34.013179,bestsellers_20250117.csv,"Preschool Big Fun Workbook: 256-Page Preschool Activity Book Full of Preschool Math, Language Arts, Writing Practice, Shapes Practice, Puzzles and More (Highlights™ Big Fun Activity Workbooks)",,,,,2025-01-17,2025-01,Friday,1.0
2,"Trace Letters: Alphabet Handwriting Practice workbook for kids: Preschool writing Workbook with Sight words for Pre K, Kindergarten and Kids Ages 3-5. ABC print handwriting book",Sujatha Lalgudi,5.99,Paperback,4.8,,,,,Educational Reference,,2025-01-17 14:55:34.025662,bestsellers_20250117.csv,"Trace Letters: Alphabet Handwriting Practice workbook for kids: Preschool writing Workbook with Sight words for Pre K, Kindergarten and Kids Ages 3-5. ABC print handwriting book",,,,,2025-01-17,2025-01,Friday,0.9655172413793104
3,"IXL The Ultimate 3rd Grade Math Workbook, Math Workbook Covering Addition, Subtraction, Multiplication, Division, Geometry & More 3rd Grade Math, Math Workbook Grade 3 (IXL Ultimate Workbooks)",IXL Learning,11.39,Paperback,4.7,,,,,Educational Reference,,2025-01-17 14:55:34.030077,bestsellers_20250117.csv,"IXL The Ultimate 3rd Grade Math Workbook, Math Workbook Covering Addition, Subtraction, Multiplication, Division, Geometry & More 3rd Grade Math, Math Workbook Grade 3 (IXL Ultimate Workbooks)",,,,,2025-01-17,2025-01,Friday,0.9310344827586207
4,"IXL The Ultimate 2nd Grade Math Workbook, Second Grade Math Workbook Covering Addition, Subtraction, Place Value, Geometry, and More, Math Workbook Grade 2 (IXL Ultimate Workbooks)",IXL Learning,15.29,Paperback,4.7,,,,,Educational Reference,,2025-01-17 14:55:34.036930,bestsellers_20250117.csv,"IXL The Ultimate 2nd Grade Math Workbook, Second Grade Math Workbook Covering Addition, Subtraction, Place Value, Geometry, and More, Math Workbook Grade 2 (IXL Ultimate Workbooks)",,,,,2025-01-17,2025-01,Friday,0.896551724137931
5,"Kindergarten Big Fun Workbook: 256-Page Kindergarten Activity Book Full of Kindergarten Math, Reading, Writing Practice, Phonics, Puzzles and More (Highlights Big Fun Activity Workbooks)",Highlights Learning,7.14,Paperback,4.8,,,,,Educational Reference,,2025-01-17 14:55:34.042850,bestsellers_20250117.csv,"Kindergarten Big Fun Workbook: 256-Page Kindergarten Activity Book Full of Kindergarten Math, Reading, Writing Practice, Phonics, Puzzles and More (Highlights Big Fun Activity Workbooks)",,,,,2025-01-17,2025-01,Friday,0.8620689655172413
6,"IXL The Ultimate 4th Grade Math Workbooks, 4th Grade Workbook Covering Addition, Subtraction, Multiplication, Division, Geometry & More 4th Grade Math, Math Workbook Grade 4 (IXL Ultimate Workbooks)",IXL Learning,11.39,Paperback,4.7,,,,,Educational Reference,,2025-01-17 14:55:34.050133,bestsellers_20250117.csv,"IXL The Ultimate 4th Grade Math Workbooks, 4th Grade Workbook Covering Addition, Subtraction, Multiplication, Division, Geometry & More 4th Grade Math, Math Workbook Grade 4 (IXL Ultimate Workbooks)",,,,,2025-01-17,2025-01,Friday,0.8275862068965517
7,"Kindergarten Activity Book Unicorns: 75 Games to Practice Early Reading, Writing, and Math Skills (School Skills Activity Books)",Hillary Statum,5.64,Paperback,4.8,,,,,Educational Reference,,2025-01-17 14:55:34.056751,bestsellers_20250117.csv,"Kindergarten Activity Book Unicorns: 75 Games to Practice Early Reading, Writing, and Math Skills (School Skills Activity Books)",,,,,2025-01-17,2025-01,Friday,0.7931034482758621
8,Workman Publishing Company - To Ace Math in One Big Fat Notebook: The Complete Middle School Study Guide (Big Fat Notebooks),Workman Publishing,9.98,Paperback,4.7,,,,,Educational Reference,,2025-01-17 14:55:34.062661,bestsellers_20250117.csv,Workman Publishing Company - To Ace Math in One Big Fat Notebook: The Complete Middle School Study Guide (Big Fat Notebooks),,,,,2025-01-17,2025-01,Friday,0.7586206896551724
9,"School Zone - Division 0-12 Flash Cards - Ages 9 and Up, 3rd Grade, 4th Grade, Math Equations, Division Practice, Dividends, Numbers 0-12, and More",School Zone,3.49,Digital,4.7,,,,,Educational Reference,,2025-01-17 14:55:34.072510,bestsellers_20250117.csv,"School Zone - Division 0-12 Flash Cards - Ages 9 and Up, 3rd Grade, 4th Grade, Math Equations, Division Practice, Dividends, Numbers 0-12, and More",,,,,2025-01-17,2025-01,Friday,0.7241379310344828
10,"IXL The Ultimate 5th Grade Math Workbooks, 5th Grade Workbook Covering Multiplication, Division, Fractions, Decimals, Geometry, and More 5th Grade Math, Math Workbook Grade 5 (IXL Ultimate Workbooks)",IXL Learning,15.29,Paperback,4.7,,,,,Educational Reference,,2025-01-17 14:55:34.082064,bestsellers_20250117.csv,"IXL The Ultimate 5th Grade Math Workbooks, 5th Grade Workbook Covering Multiplication, Division, Fractions, Decimals, Geometry, and More 5th Grade Math, Math Workbook Grade 5 (IXL Ultimate Workbooks)",,,,,2025-01-17,2025-01,Friday,0.6896551724137931
11,"The Big Book of Reading Comprehension Activities, Grade 1: 120 Activities for After-School and Summer Reading Fun",Hannah Braun M.Ed.,8.69,Paperback,4.7,,,,,Educational Reference,,2025-01-17 14:55:34.086698,bestsellers_20250117.csv,"The Big Book of Reading Comprehension Activities, Grade 1: 120 Activities for After-School and Summer Reading Fun",,,,,2025-01-17,2025-01,Friday,0.6551724137931034
12,"IXL The Ultimate Math Kindergarten Workbooks, Shapes, Addition, Subtraction, Learn to Write and Count Numbers 0-100 & More Kindergarten Math, Kindergarten Math Workbook (IXL Ultimate Workbooks)",IXL Learning,15.29,Paperback,4.8,,,,,Educational Reference,,2025-01-17 14:55:34.091524,bestsellers_20250117.csv,"IXL The Ultimate Math Kindergarten Workbooks, Shapes, Addition, Subtraction, Learn to Write and Count Numbers 0-100 & More Kindergarten Math, Kindergarten Math Workbook (IXL Ultimate Workbooks)",,,,,2025-01-17,2025-01,Friday,0.6206896551724138
13,Everything You Need to Ace Science in One Big Fat Notebook: The Complete Middle School Study Guide (Big Fat Notebooks),Workman Publishing,11.13,Paperback,4.8,,,,,Educational Reference,,2025-01-17 14:55:34.096125,bestsellers_20250117.csv,Everything You Need to Ace Science in One Big Fat Notebook: The Complete Middle School Study Guide (Big Fat Notebooks),,,,,2025-01-17,2025-01,Friday,0.5862068965517241
14,"School Zone Big First Grade Workbook: 320 Pages, Ages 6 to 7, 1st Grade, Reading Comprehension, Phonics, Spelling, Vocabulary, Basic Math, Time, Money, Fractions, and More",School Zone,9.98,Paperback,4.8,,,,,Educational Reference,,2025-01-17 14:55:34.101797,bestsellers_20250117.csv,"School Zone Big First Grade Workbook: 320 Pages, Ages 6 to 7, 1st Grade, Reading Comprehension, Phonics, Spelling, Vocabulary, Basic Math, Time, Money, Fractions, and More",,,,,2025-01-17,2025-01,Friday,0.5517241379310345
15,"The Big Book of Reading Comprehension Activities, Grade 2: 120 Activities for After-School and Summer Reading Fun",Hannah Braun M.Ed.,9.61,Paperback,4.7,,,,,Educational Reference,,2025-01-17 14:55:34.106442,bestsellers_20250117.csv,"The Big Book of Reading Comprehension Activities, Grade 2: 120 Activities for After-School and Summer Reading Fun",,,,,2025-01-17,2025-01,Friday,0.5172413793103449
16,"Merriam-Webster Children's Dictionary, New Edition: Features 3,000 Photographs and Illustrations",DK,18.6,Hardcover,4.8,,,,,Educational Reference,,2025-01-17 14:55:34.111200,bestsellers_20250117.csv,"Merriam-Webster Children's Dictionary, New Edition: Features 3,000 Photographs and Illustrations",,,,,2025-01-17,2025-01,Friday,0.4827586206896552
17,Math Skillbuilders (Grades 2 - 3) (Step Ahead),Golden Books,5.99,Paperback,4.7,,,,,Educational Reference,,2025-01-17 14:55:34.117343,bestsellers_20250117.csv,Math Skillbuilders (Grades 2 - 3) (Step Ahead),,,,,2025-01-17,2025-01,Friday,0.4482758620689655
18,The Big Fat Middle School English Language Arts Workbook: 100+ ELA Practice Exercises (Big Fat Notebooks),Workman Publishing,13.0,Paperback,4.6,,,,,Educational Reference,,2025-01-17 14:55:34.121803,bestsellers_20250117.csv,The Big Fat Middle School English Language Arts Workbook: 100+ ELA Practice Exercises (Big Fat Notebooks),,,,,2025-01-17,2025-01,Friday,0.41379310344827586
19,"The Complete Kindergarten Workbook: 150+ Fun and Educational Activities to Build Confidence in Math, Reading, Writing, Science, and More for Kids Ages 5-7—Prepare for Academic Excellence!",BrainWave Books,8.99,Paperback,4.8,,,,,Educational Reference,,2025-01-17 14:55:34.126272,bestsellers_20250117.csv,"The Complete Kindergarten Workbook: 150+ Fun and Educational Activities to Build Confidence in Math, Reading, Writing, Science, and More for Kids Ages 5-7—Prepare for Academic Excellence!",,,,,2025-01-17,2025-01,Friday,0.3793103448275862
20,First Grade Big Fun Workbook (Highlights™ Big Fun Activity Workbooks),Highlights Learning,8.86,Paperback,4.8,,,,,Educational Reference,,2025-01-17 14:55:34.132684,bestsellers_20250117.csv,First Grade Big Fun Workbook (Highlights™ Big Fun Activity Workbooks),,,,,2025-01-17,2025-01,Friday,0.3448275862068966
21,The 3rd Grade Spelling Workbook: 95+ Games and Puzzles to Improve Spelling Skills,Ann Richmond Fisher,7.09,Paperback,4.7,,,,,Educational Reference,,2025-01-17 14:55:34.137635,bestsellers_20250117.csv,The 3rd Grade Spelling Workbook: 95+ Games and Puzzles to Improve Spelling Skills,,,,,2025-01-17,2025-01,Friday,0.3103448275862069
22,"Carson Dellosa Beginning Traditional Cursive Handwriting Workbook for Kids, Handwriting Practice for Cursive Alphabet and Numbers (Learning Spot)",Carson Dellosa Education,3.99,Paperback,4.7,,,,,Educational Reference,,2025-01-17 14:55:34.142413,bestsellers_20250117.csv,"Carson Dellosa Beginning Traditional Cursive Handwriting Workbook for Kids, Handwriting Practice for Cursive Alphabet and Numbers (Learning Spot)",,,,,2025-01-17,2025-01,Friday,0.27586206896551724
23,"School Zone - Big Second Grade Workbook - 320 Pages, Ages 7 to 8, 2nd Grade, Word Problems, Reading Comprehension, Phonics, Math, Science, and More (School Zone Big Workbook Series)",School Zone,9.85,Paperback,4.8,,,,,Educational Reference,,2025-01-17 14:55:34.148571,bestsellers_20250117.csv,"School Zone - Big Second Grade Workbook - 320 Pages, Ages 7 to 8, 2nd Grade, Word Problems, Reading Comprehension, Phonics, Math, Science, and More (School Zone Big Workbook Series)",,,,,2025-01-17,2025-01,Friday,0.2413793103448276
24,Everything You Need to Ace Computer Science and Coding in One Big Fat Notebook: The Complete Middle School Study Guide (Big Fat Notebooks),Workman Publishing,10.98,Paperback,4.8,,,,,Educational Reference,,2025-01-17 14:55:34.153028,bestsellers_20250117.csv,Everything You Need to Ace Computer Science and Coding in One Big Fat Notebook: The Complete Middle School Study Guide (Big Fat Notebooks),,,,,2025-01-17,2025-01,Friday,0.20689655172413793
25,"Everything You Need to Ace World History in One Big Fat Notebook, 2nd Edition: The Complete Middle School Study Guide (Big Fat Notebooks)",Workman Publishing,9.59,Paperback,4.8,,,,,Educational Reference,,2025-01-17 14:55:34.158356,bestsellers_20250117.csv,"Everything You Need to Ace World History in One Big Fat Notebook, 2nd Edition: The Complete Middle School Study Guide (Big Fat Notebooks)",,,,,2025-01-17,2025-01,Friday,0.1724137931034483
26,Scholastic Success with Reading Comprehension Grade 4 Workbook,Scholastic Teaching Resources,5.35,Paperback,4.7,,,,,Educational Reference,,2025-01-17 14:55:34.162618,bestsellers_20250117.csv,Scholastic Success with Reading Comprehension Grade 4 Workbook,,,,,2025-01-17,2025-01,Friday,0.13793103448275862
27,Scholastic Success with Reading Tests Grade 3 Workbook,Scholastic Teaching Resources,5.35,Paperback,4.7,,,,,Educational Reference,,2025-01-17 14:55:34.168728,bestsellers_20250117.csv,Scholastic Success with Reading Tests Grade 3 Workbook,,,,,2025-01-17,2025-01,Friday,0.10344827586206896
28,"First Grade Big Workbook Ages 6 - 7: 220+ Activities, Phonics, Spelling, Reading, Language Arts, Math, Space, Measurement and Time (Gold Stars Series)",Gold Stars,12.34,Paperback,4.7,,,,,Educational Reference,,2025-01-17 14:55:34.173410,bestsellers_20250117.csv,"First Grade Big Workbook Ages 6 - 7: 220+ Activities, Phonics, Spelling, Reading, Language Arts, Math, Space, Measurement and Time (Gold Stars Series)",,,,,2025-01-17,2025-01,Friday,0.06896551724137931
29,The 4th Grade Spelling Workbook: 95+ Games and Puzzles to Improve Spelling Skills,Rae Pritchett MEd  CAGS,6.79,Paperback,4.7,,,,,Educational Reference,,2025-01-17 14:55:34.177592,bestsellers_20250117.csv,The 4th Grade Spelling Workbook: 95+ Games and Puzzles to Improve Spelling Skills,,,,,2025-01-17,2025-01,Friday,0.034482758620689655
30,"School Zone - Math Basics 3 Workbook - 64 Pages, Ages 8 to 9, 3rd Grade, Multiplication, Division, Word Problems, Place Value, Fractions, and More (School Zone I Know It!® Workbook Series)",School Zone,3.99,Paperback,4.7,,,,,Educational Reference,,2025-01-17 14:55:34.183731,bestsellers_20250117.csv,"School Zone - Math Basics 3 Workbook - 64 Pages, Ages 8 to 9, 3rd Grade, Multiplication, Division, Word Problems, Place Value, Fractions, and More (School Zone I Know It!® Workbook Series)",,,,,2025-01-17,2025-01,Friday,0.0
