customer_id,first_name,last_name,email,date_joined,age_years,country,segment
1,Danielle,Johnson,john21@example.net,2024-07-23,45,Saint Vincent and the Grenadines,occasional
2,Patricia,Miller,fjohnson@example.org,2020-05-20,75,Djibouti,frequent
3,William,Johnson,jennifermiles@example.com,2021-02-19,55,Cyprus,one_time
4,Shane,Ramirez,blakeerik@example.com,2022-06-19,43,Guam,occasional
5,Joshua,Lewis,curtis61@example.com,2020-07-02,41,Tanzania,occasional
6,Maurice,Baker,blairamanda@example.com,2024-10-23,32,Belgium,occasional
7,Andrea,Calderon,barbara10@example.net,2024-09-24,26,Denmark,one_time
8,Kendra,Galloway,michellejames@example.com,2020-03-05,50,North Macedonia,occasional
9,Mary,Martin,jason41@example.net,2021-01-16,49,North Macedonia,occasional
10,George,Daniel,stevennelson@example.net,2020-04-26,23,Portugal,occasional
11,Angela,Cohen,perezantonio@example.com,2020-04-09,66,Iran,regular
12,Joseph,Clark,jason76@example.net,2018-04-28,21,Kuwait,one_time
13,Douglas,Taylor,julie69@example.com,2021-08-25,73,Guyana,one_time
14,Jeffrey,Bright,ddavis@example.org,2021-01-24,25,Cape Verde,occasional
15,Courtney,Conner,ycarlson@example.com,2018-06-14,27,Nepal,one_time
16,Wendy,Rice,frazierdanny@example.net,2020-04-02,58,Sao Tome and Principe,one_time
17,Joseph,Davidson,cartereric@example.org,2024-04-04,28,Zimbabwe,one_time
18,Jennifer,Cortez,williamrodriguez@example.net,2020-02-04,68,French Southern Territories,one_time
19,Meagan,Romero,ericfarmer@example.net,2019-04-08,61,Zimbabwe,occasional
20,Kimberly,Moreno,georgetracy@example.org,2021-01-03,45,Vanuatu,occasional
21,Michael,Galloway,john39@example.org,2024-12-07,56,Belize,occasional
22,Jessica,Cabrera,davidalvarez@example.net,2020-02-12,22,Chad,one_time
23,Joseph,Brennan,ibrandt@example.net,2022-03-13,42,Portugal,regular
24,James,Collins,samuel87@example.org,2022-12-23,42,Egypt,one_time
25,Jeffrey,Morgan,briannasmith@example.net,2020-01-29,56,Norfolk Island,one_time
26,Brian,Jones,heathchad@example.org,2022-09-08,47,Fiji,frequent
27,Elizabeth,Lewis,jenniferkhan@example.net,2020-07-06,51,Lebanon,one_time
28,John,Kennedy,glee@example.net,2021-11-06,34,Jersey,regular
29,Michael,Jenkins,nuneztracey@example.org,2021-11-09,53,Bahamas,occasional
30,Richard,Morgan,wrightjames@example.com,2021-03-18,73,Burundi,one_time
31,Robert,Ramirez,nancyjones@example.net,2018-10-16,18,Bolivia,regular
32,Brent,Kidd,novaksara@example.org,2023-08-15,61,Chad,one_time
33,Richard,Olson,kbarrera@example.com,2020-05-17,64,Afghanistan,one_time
34,Tricia,Baker,smitchell@example.net,2019-08-18,25,Slovenia,occasional
35,Angela,Higgins,jamesrobinson@example.org,2018-05-11,61,Mozambique,frequent
36,Jill,Brown,brian97@example.net,2021-06-26,74,Uruguay,regular
37,Melissa,Moore,yorkcasey@example.org,2022-03-30,52,Peru,occasional
38,Michelle,Powell,bethwilliams@example.org,2018-02-22,66,Italy,one_time
39,Diane,Cunningham,sarah35@example.org,2021-02-08,35,Estonia,occasional
40,Randy,Powers,stephen10@example.com,2019-12-24,67,Nigeria,regular
41,Yolanda,Ferrell,medinawilliam@example.org,2021-12-17,59,Venezuela,occasional
42,Michael,Jones,mikemoore@example.net,2019-07-11,39,Romania,occasional
43,Kevin,Riggs,contrerasangela@example.net,2022-05-12,25,Bosnia and Herzegovina,one_time
44,Sheila,Taylor,prestonjulia@example.org,2020-07-26,36,Faroe Islands,regular
45,Juan,Clark,james48@example.com,2024-07-04,45,El Salvador,one_time
46,Rebecca,Mathis,waltersmaria@example.org,2019-03-15,28,Afghanistan,occasional
47,Matthew,Anderson,evan78@example.net,2020-06-08,47,Japan,one_time
48,Ann,Rodriguez,amydavenport@example.net,2018-12-28,18,Micronesia,occasional
49,Earl,Anderson,michael05@example.org,2024-05-26,64,Pitcairn Islands,occasional
50,John,Garcia,vdickson@example.org,2023-12-27,74,Uzbekistan,one_time
51,Sarah,Hancock,nicolejohnson@example.net,2020-03-11,64,Uzbekistan,regular
52,Martin,Galvan,josephcobb@example.org,2022-02-02,34,Hong Kong,one_time
53,Monica,Garrison,jamessellers@example.com,2023-06-18,50,Gambia,occasional
54,Lori,Savage,andrewlee@example.com,2021-04-18,66,Fiji,frequent
55,Michelle,Rasmussen,michael86@example.net,2021-03-08,29,Tajikistan,occasional
56,Amanda,Crosby,wileyjose@example.net,2020-02-11,50,Estonia,one_time
57,Benjamin,Carlson,jessica56@example.net,2018-10-24,24,Malawi,frequent
58,Darrell,Lam,jonathanfletcher@example.org,2024-02-29,73,Mali,occasional
59,Sara,Ryan,michaeljones@example.net,2024-03-10,58,Uruguay,occasional
60,Mark,Edwards,cortezkevin@example.com,2021-11-08,37,Papua New Guinea,occasional
61,Ricky,Powell,angela36@example.net,2020-06-06,71,Wallis and Futuna,frequent
62,Nicholas,Adkins,christinaturner@example.net,2020-06-16,58,Syrian Arab Republic,one_time
63,Aaron,Mitchell,mfloyd@example.net,2022-08-31,50,Gibraltar,one_time
64,Steven,Ramos,williamleon@example.net,2024-02-28,56,Chile,one_time
65,Donna,Campbell,clarence34@example.org,2024-01-27,30,Sri Lanka,one_time
66,James,Johnson,traceycarr@example.org,2023-02-19,27,Korea,regular
67,Robert,Soto,jennifercruz@example.com,2021-12-07,41,Ecuador,one_time
68,Dylan,Watts,osbornejeffery@example.net,2018-09-26,66,Maldives,frequent
69,Steven,Grant,bryantlaurie@example.net,2019-05-31,28,Marshall Islands,frequent
70,Vanessa,Larson,usalazar@example.net,2024-03-04,52,Japan,occasional
71,Maria,Kelley,juliawells@example.com,2021-08-15,67,Sao Tome and Principe,occasional
72,John,Walsh,rsims@example.com,2018-01-30,51,Belarus,one_time
73,Jennifer,Young,luis81@example.org,2018-11-20,18,Canada,occasional
74,Jesse,Benson,calebrussell@example.net,2022-02-13,56,Lao People's Democratic Republic,occasional
75,Robert,Clark,xprice@example.net,2018-01-17,38,Yemen,regular
76,Heather,Gates,wwoods@example.com,2019-05-28,49,Sao Tome and Principe,one_time
77,Peter,Snow,vmedina@example.net,2021-04-08,19,South Georgia and the South Sandwich Islands,occasional
78,Carrie,Walker,joshuatucker@example.com,2022-05-15,25,Guadeloupe,occasional
79,Elizabeth,Yates,marycalhoun@example.net,2022-01-07,41,Martinique,regular
80,Anthony,Long,millerroy@example.com,2019-12-17,74,Cocos (Keeling) Islands,one_time
81,Brent,Gray,shawnrogers@example.com,2022-07-18,71,Fiji,occasional
82,Karen,Decker,mary70@example.net,2020-01-27,69,Mauritius,regular
83,Brett,Crane,debraharrington@example.net,2020-05-22,37,Armenia,frequent
84,Karen,Herring,maryhowell@example.org,2022-11-05,33,Brunei Darussalam,occasional
85,Thomas,Wilson,stevenscott@example.com,2021-12-31,21,Chad,occasional
86,Catherine,Stuart,stricklandfrank@example.com,2023-09-29,33,Botswana,regular
87,Beth,Hickman,tsanders@example.org,2022-01-25,74,Belarus,one_time
88,Brittany,Rivas,curtisbarton@example.net,2021-05-09,54,Netherlands Antilles,regular
89,Linda,Hogan,reedross@example.com,2018-10-26,23,Bangladesh,occasional
90,William,Peterson,gshort@example.com,2020-07-06,23,Guyana,one_time
91,Cynthia,Poole,ryangross@example.net,2020-03-19,64,Faroe Islands,occasional
92,Christina,Gillespie,umarshall@example.net,2020-02-18,49,Ethiopia,occasional
93,Marcus,Sanchez,ramirezshannon@example.com,2024-10-27,70,Montenegro,occasional
94,Cheryl,Gray,snydermark@example.com,2020-08-02,22,Croatia,regular
95,Michael,Green,nicole48@example.org,2024-02-12,66,Maldives,one_time
96,Stacy,Miller,wfreeman@example.org,2021-11-02,52,Portugal,occasional
97,Thomas,Joseph,fmcguire@example.com,2023-04-08,67,Cyprus,one_time
98,Richard,Sanchez,thomas85@example.com,2021-01-24,26,Samoa,regular
99,Andrea,Bell,qnelson@example.org,2021-05-23,26,British Indian Ocean Territory (Chagos Archipelago),regular
100,Jennifer,Stewart,jamesrodgers@example.com,2021-01-08,60,Saint Kitts and Nevis,frequent
101,Brittany,Wolf,tina34@example.org,2019-09-15,48,Guyana,occasional
102,Harry,Smith,joshuamccann@example.net,2022-08-20,53,French Guiana,occasional
103,Heidi,Martinez,agarcia@example.net,2020-04-05,28,Finland,one_time
104,Taylor,Alexander,tammyking@example.com,2018-03-19,34,Brazil,occasional
105,Lynn,Morales,rayglenda@example.org,2021-12-18,51,Canada,one_time
106,Lisa,Avery,mcknightdavid@example.com,2019-07-19,73,New Caledonia,regular
107,Caitlin,Montgomery,chayes@example.com,2024-07-16,56,Tokelau,one_time
108,Brianna,Patterson,lynchjody@example.org,2024-08-28,45,Niue,one_time
109,Jason,Guerrero,johnarnold@example.org,2024-04-25,31,Afghanistan,one_time
110,Ricky,Norris,ocarter@example.com,2020-07-09,52,Romania,one_time
111,Justin,Heath,mcdanielsandra@example.net,2018-02-19,66,Namibia,one_time
112,Donna,Peck,owilson@example.net,2024-06-07,64,Canada,occasional
113,Rebekah,Serrano,brownlaura@example.net,2020-09-27,62,San Marino,regular
114,Madison,Morse,smartinez@example.com,2024-10-07,30,Reunion,frequent
115,Richard,Nelson,mkim@example.org,2024-09-27,63,Tuvalu,one_time
116,Ryan,Morris,anthony39@example.net,2023-10-11,37,Zambia,occasional
117,Andrew,Hubbard,barbara27@example.net,2020-04-19,43,Pakistan,one_time
118,Scott,Ramirez,fwalters@example.org,2020-07-25,60,Latvia,occasional
119,Michael,Cook,hodgemark@example.net,2023-10-05,59,Lithuania,regular
120,Keith,Landry,gibsonleonard@example.com,2020-05-13,41,Brazil,regular
121,Tara,Powell,sandovalamy@example.com,2019-06-25,46,Austria,occasional
122,Jacob,Cox,wgarrett@example.org,2021-04-21,75,Costa Rica,occasional
123,Joseph,Anderson,samuel71@example.org,2024-07-02,51,Norfolk Island,regular
124,Chelsea,Allen,lancesmith@example.com,2022-05-28,46,Bermuda,occasional
125,Jeffrey,Skinner,murraydavid@example.org,2021-05-12,25,Luxembourg,frequent
126,Sarah,Carter,robert77@example.org,2018-11-06,33,Korea,occasional
127,Andrea,Reyes,michellehill@example.com,2021-09-11,32,Guam,regular
128,Sarah,Romero,campbellkenneth@example.net,2024-12-21,22,Mozambique,one_time
129,Yolanda,Burns,seanwashington@example.com,2019-03-23,39,Micronesia,occasional
130,Kathryn,Bennett,molly39@example.com,2021-02-18,19,Djibouti,occasional
131,Melissa,Jenkins,julie66@example.net,2023-12-27,55,Somalia,frequent
132,Lori,Pollard,ihanna@example.net,2022-10-18,53,Nauru,frequent
133,Martin,Garcia,dgarcia@example.org,2022-05-31,32,Saint Helena,occasional
134,Douglas,Pitts,charlesharrington@example.com,2022-06-17,55,Guadeloupe,occasional
135,Cindy,Sanders,christianmelissa@example.net,2020-06-27,32,Hong Kong,occasional
136,Stephanie,Sims,cbrennan@example.net,2020-04-18,18,Bangladesh,regular
137,Jimmy,Cohen,wendy16@example.org,2023-05-24,22,Senegal,occasional
138,Cynthia,Brennan,tjackson@example.org,2023-05-27,63,Aruba,one_time
139,Mark,Brown,nicholas23@example.net,2023-11-24,58,Isle of Man,one_time
140,Ashlee,Sparks,gregorylynch@example.com,2024-04-20,21,Niger,frequent
141,Felicia,Jimenez,jesselittle@example.com,2021-02-07,32,Equatorial Guinea,occasional
142,Elizabeth,Nolan,rsantana@example.net,2021-01-22,22,Cayman Islands,regular
143,Charles,Landry,danielle64@example.com,2023-04-19,75,Tanzania,regular
144,Kevin,Kidd,yrodriguez@example.net,2022-01-01,20,Guinea-Bissau,one_time
145,Bailey,Haney,andrew64@example.org,2022-06-16,73,Mongolia,regular
146,Michelle,Osborne,lozanojulie@example.com,2023-04-11,39,Singapore,occasional
147,Lauren,Lawson,jeffery39@example.com,2024-02-06,22,Philippines,occasional
148,Karla,Saunders,courtneyberger@example.net,2020-06-05,50,Armenia,one_time
149,Kyle,Alexander,jessica14@example.com,2020-07-15,33,San Marino,occasional
150,Robert,Gonzalez,alyssa42@example.com,2018-10-27,35,United States Minor Outlying Islands,frequent
151,Makayla,Olson,julie51@example.com,2021-05-25,60,Belarus,occasional
152,Donald,Levy,zcoffey@example.net,2018-04-25,49,Haiti,occasional
153,Christopher,Foster,amanda75@example.net,2020-11-26,31,San Marino,frequent
154,Emily,Richards,daniel37@example.org,2021-03-29,52,Niger,occasional
155,Nicole,Hoffman,deborahreid@example.com,2020-04-11,26,United States of America,frequent
156,Jacqueline,Banks,taylorsophia@example.com,2021-06-26,64,Lithuania,frequent
157,Darren,Young,paulwatson@example.net,2018-04-08,74,Qatar,occasional
158,Sonya,Barnes,nicolepena@example.com,2018-04-30,54,Nicaragua,regular
159,Ricky,Lynn,vaughnjeff@example.com,2023-07-06,54,Zambia,occasional
160,Joel,Cox,amy50@example.com,2020-06-28,48,Falkland Islands (Malvinas),occasional
161,James,Martinez,ndavis@example.net,2019-02-10,33,Northern Mariana Islands,one_time
162,Carla,Smith,john29@example.org,2021-02-24,68,Bangladesh,regular
163,Maria,Spencer,lisahall@example.org,2023-01-19,48,Solomon Islands,regular
164,Rachel,Smith,vanessafernandez@example.org,2019-11-20,69,Bouvet Island (Bouvetoya),regular
165,Donna,Johnson,howardkristina@example.net,2021-10-07,44,Gibraltar,occasional
166,Alfred,Baker,judyfox@example.net,2018-09-30,30,Bahrain,one_time
167,Thomas,Strickland,hayesjeffrey@example.net,2018-06-14,24,Aruba,frequent
168,Jessica,Kerr,stephen00@example.com,2021-03-11,24,Tanzania,one_time
169,Richard,Parks,cjoseph@example.org,2021-03-26,60,United Arab Emirates,frequent
170,Christopher,Franklin,martinezclaudia@example.net,2021-11-22,45,Mexico,occasional
171,Jennifer,James,shawn96@example.org,2022-09-01,40,South Africa,one_time
172,Jacqueline,Farrell,russellbeasley@example.com,2024-11-05,45,Guadeloupe,one_time
173,Maria,Ross,edwardslarry@example.com,2021-02-15,44,Holy See (Vatican City State),one_time
174,Stephanie,Mcdaniel,fjones@example.org,2020-05-20,47,Jersey,one_time
175,Colin,Rodgers,angelawillis@example.net,2023-04-09,73,Monaco,occasional
176,Mark,Martinez,morgan60@example.com,2020-03-25,64,Netherlands Antilles,one_time
177,Larry,Garcia,ericolson@example.org,2020-10-15,21,Guernsey,frequent
178,Megan,Richardson,audrey68@example.net,2018-09-08,61,Nicaragua,one_time
179,Emily,Hawkins,anthony44@example.com,2018-03-22,59,Guernsey,occasional
180,Adam,Kane,vjones@example.net,2024-09-24,59,Antarctica (the territory South of 60 deg S),one_time
181,Christopher,Moreno,vbarnes@example.org,2023-08-17,24,Heard Island and McDonald Islands,occasional
182,Larry,Nguyen,wareeric@example.net,2022-05-28,21,Australia,occasional
183,Emily,Nelson,ctucker@example.com,2020-08-28,43,Faroe Islands,occasional
184,Jason,Hunt,russell49@example.com,2019-07-07,64,Malta,one_time
185,Elizabeth,Williams,djoyce@example.org,2019-05-15,39,Costa Rica,frequent
186,Kevin,Clark,kathrynroberts@example.org,2020-03-03,69,Albania,frequent
187,Tyler,Jordan,omarpadilla@example.net,2021-04-09,73,Monaco,regular
188,Martha,Drake,sandersjudy@example.com,2022-07-26,24,Andorra,regular
189,Steve,Miller,barbara96@example.net,2022-02-03,33,Northern Mariana Islands,one_time
190,Robert,Wilson,burchgeorge@example.net,2020-04-04,30,Kuwait,regular
191,Marilyn,Gillespie,kimdaniel@example.com,2024-08-31,30,Namibia,one_time
192,Richard,Miller,julie35@example.org,2022-10-08,52,Belarus,occasional
193,William,Wilson,rebeccabailey@example.net,2021-04-17,46,Svalbard & Jan Mayen Islands,regular
194,Debbie,Hernandez,thomasjames@example.net,2021-09-01,26,Cape Verde,one_time
195,Kathleen,Rios,stephanieburton@example.com,2020-09-14,45,Saudi Arabia,occasional
196,Anne,Riley,michelle52@example.com,2020-03-01,29,Bangladesh,occasional
197,Taylor,Welch,brittany58@example.org,2020-06-24,35,Georgia,occasional
198,Steven,Johnson,marie11@example.net,2022-12-11,47,Nepal,one_time
199,William,Ford,colelisa@example.net,2018-02-15,33,Comoros,regular
200,Marc,Alvarez,susanhayes@example.com,2019-01-06,73,Rwanda,one_time
201,Christopher,Lucas,wrightsamuel@example.com,2018-05-27,22,Malta,one_time
202,Alexandra,Moore,samantha66@example.com,2018-05-10,46,Philippines,occasional
203,Carla,Mccormick,cameron18@example.net,2023-10-18,69,Hungary,regular
204,Justin,Cummings,mathewaguilar@example.org,2022-06-21,73,United States Virgin Islands,occasional
205,Michael,Ponce,tanderson@example.org,2020-12-10,72,Georgia,frequent
206,Angelica,Schneider,lisa81@example.net,2018-11-09,53,Paraguay,frequent
207,Rodney,Cox,kyle35@example.com,2021-01-07,24,Congo,regular
208,Jeremy,Taylor,phillipskristin@example.net,2020-12-09,21,Sierra Leone,occasional
209,Amber,Rodgers,stanleynancy@example.net,2019-07-07,59,Bulgaria,one_time
210,Carla,Moore,mariewise@example.org,2020-10-06,52,Saint Helena,one_time
211,Samuel,Jenkins,tarabishop@example.net,2020-08-11,71,Slovenia,one_time
212,Shane,Ferguson,tammy73@example.com,2021-09-14,18,Philippines,occasional
213,Stacey,Joyce,xhammond@example.com,2021-11-14,23,Macao,occasional
214,Allison,Burch,laurietaylor@example.com,2018-05-25,66,Austria,occasional
215,Danielle,Sawyer,dawsonzachary@example.org,2020-07-14,72,Finland,one_time
216,Christopher,Martin,jwhitehead@example.com,2021-10-16,33,Bermuda,frequent
217,Stacey,Walker,bwilkerson@example.com,2021-01-25,28,Austria,one_time
218,Randy,Brooks,xvang@example.org,2023-10-22,44,Antarctica (the territory South of 60 deg S),occasional
219,Lucas,Garcia,lacey20@example.com,2022-01-29,49,United States Virgin Islands,occasional
220,Maria,Horton,katherineharrison@example.net,2019-06-04,48,Albania,one_time
221,Rebecca,Smith,marydunn@example.net,2018-08-14,31,New Caledonia,occasional
222,Allison,Rodriguez,john10@example.org,2021-12-08,73,Italy,one_time
223,Danielle,Dean,rodriguezrebecca@example.net,2018-03-26,43,Mauritania,one_time
224,Allen,Robertson,jennifercarter@example.org,2021-06-10,75,Nicaragua,occasional
225,Michael,Duncan,elizabethmiller@example.com,2024-07-15,21,Bangladesh,regular
226,Stephanie,Stephens,myerstheodore@example.net,2021-05-20,28,Iceland,occasional
227,Tina,King,kellycarlos@example.org,2020-07-28,42,Saint Martin,one_time
228,Diane,Garcia,dennis58@example.com,2021-12-11,18,Suriname,regular
229,Dawn,Greer,epollard@example.net,2020-11-14,42,Cocos (Keeling) Islands,occasional
230,Lisa,Brown,mjohnson@example.org,2021-04-03,34,Somalia,occasional
231,James,Williams,zachary87@example.com,2024-07-19,68,Argentina,one_time
232,Karen,Lee,michelle05@example.com,2020-07-26,68,British Virgin Islands,regular
233,Lauren,Kim,ypaul@example.com,2024-09-20,47,Colombia,one_time
234,Tyler,Jimenez,laurie61@example.com,2024-03-26,36,Netherlands,one_time
235,Wanda,White,manuel15@example.net,2019-09-17,45,French Polynesia,regular
236,Kirk,Morrison,cjackson@example.com,2018-08-10,62,Kiribati,regular
237,Bobby,Berg,christina64@example.net,2018-11-18,64,Somalia,one_time
238,Stacy,Jones,zcox@example.net,2018-02-28,68,Philippines,regular
239,Ernest,Johnson,ejohnson@example.org,2018-10-29,53,Slovakia (Slovak Republic),one_time
240,Deanna,Cox,jacobserika@example.com,2022-04-16,60,Holy See (Vatican City State),occasional
241,Scott,Jones,alyssasanders@example.net,2018-08-16,63,Fiji,regular
242,John,Wilson,victorhughes@example.net,2020-05-15,49,British Indian Ocean Territory (Chagos Archipelago),one_time
243,Jose,Green,nlewis@example.com,2023-09-15,27,Puerto Rico,occasional
244,Sabrina,Henry,taylorcharles@example.org,2018-03-16,30,United Arab Emirates,occasional
245,Jennifer,Osborn,elizabeth18@example.net,2023-06-10,36,French Guiana,occasional
246,Patricia,York,laurahicks@example.org,2020-04-06,31,Cook Islands,occasional
247,Laura,Young,jjohnson@example.net,2019-01-12,21,Heard Island and McDonald Islands,regular
248,Tanner,Bird,cherylmiller@example.com,2022-05-30,55,Indonesia,occasional
249,Yvonne,Higgins,khammond@example.org,2021-10-26,65,Brunei Darussalam,one_time
250,Teresa,Day,howens@example.com,2023-12-28,52,Brunei Darussalam,regular
251,Natalie,Deleon,katrinaanderson@example.net,2022-09-29,21,United States Minor Outlying Islands,occasional
252,Miranda,Guerra,kevinmartin@example.net,2023-05-06,65,Czech Republic,occasional
253,Michael,Everett,meghan43@example.net,2020-04-06,38,Zimbabwe,one_time
254,Andrea,Martinez,christina18@example.net,2019-07-21,21,Chile,regular
255,Brittany,Carpenter,donnale@example.net,2022-11-18,21,Guadeloupe,one_time
256,Megan,Elliott,millerstacy@example.net,2023-05-16,55,Estonia,occasional
257,Debra,Wang,bmontgomery@example.com,2024-12-22,48,Tuvalu,regular
258,Courtney,Roberts,timothy64@example.com,2020-09-03,50,Barbados,frequent
259,Haley,Moore,nwashington@example.com,2020-07-11,72,New Caledonia,regular
260,Douglas,Hensley,jessica56@example.org,2023-02-08,51,Senegal,occasional
261,Mitchell,Hoffman,john14@example.com,2020-06-08,28,Egypt,occasional
262,Donald,Williams,alin@example.org,2024-06-15,21,Tonga,one_time
263,Rachel,Li,james27@example.net,2023-10-28,50,Lao People's Democratic Republic,occasional
264,Victor,Parker,davisphillip@example.com,2020-09-29,23,Dominican Republic,regular
265,Jason,Gomez,campbellcarla@example.net,2022-11-19,72,Peru,occasional
266,Thomas,Herrera,jordannicole@example.net,2022-11-30,29,Haiti,one_time
267,Kathryn,Diaz,jwilliams@example.org,2018-11-25,22,Guyana,regular
268,Angela,Jones,rduran@example.net,2024-03-17,56,Pitcairn Islands,regular
269,Cheryl,Anderson,longlaura@example.com,2021-01-28,22,Moldova,frequent
270,Sheila,Fischer,carriemorales@example.org,2023-07-18,61,Aruba,one_time
271,Benjamin,Reeves,jstone@example.net,2020-05-16,73,Uganda,occasional
272,Zachary,Murphy,francisco94@example.net,2024-02-23,33,Guadeloupe,occasional
273,William,Hicks,terickson@example.com,2020-07-29,43,Suriname,one_time
274,Allen,Rivera,whitneybrandy@example.net,2018-02-04,25,Tunisia,one_time
275,Hailey,Johnson,pbaker@example.net,2024-03-26,74,Morocco,occasional
276,Jeremy,Williams,ojackson@example.net,2018-10-19,54,Niger,one_time
277,Kim,James,anthonyvaughan@example.org,2020-05-16,33,Comoros,regular
278,Andrew,Edwards,robertharris@example.net,2024-08-15,55,Singapore,regular
279,Cheryl,Ruiz,thorntonapril@example.net,2024-08-17,56,Greece,regular
280,Whitney,Mendoza,ledwards@example.com,2021-05-17,20,United States Minor Outlying Islands,frequent
281,Amanda,Payne,chelsea33@example.com,2021-11-04,57,Moldova,occasional
282,Kenneth,David,kellie37@example.com,2020-10-30,23,Lesotho,one_time
283,Michael,Peck,keith98@example.com,2020-04-18,44,Ukraine,frequent
284,Tina,Cardenas,kellyroberts@example.net,2020-05-26,60,Belgium,regular
285,Michael,Ramos,julie33@example.net,2022-03-14,55,Faroe Islands,occasional
286,Sarah,Horton,danielyang@example.org,2022-11-24,54,Ecuador,one_time
287,Brent,Stein,danawilliams@example.com,2023-03-29,51,Greenland,occasional
288,Jennifer,Garcia,adampierce@example.org,2023-03-22,38,Ireland,occasional
289,Denise,Gilmore,mwoods@example.com,2018-10-18,34,Gibraltar,frequent
290,Justin,Brown,pearsonjesse@example.net,2021-01-11,31,Saint Kitts and Nevis,regular
291,Melissa,Johnson,robertmonroe@example.org,2018-07-03,60,Taiwan,one_time
292,Randy,Simpson,nancy04@example.net,2021-04-09,63,Netherlands,one_time
293,Daniel,Bird,shawn88@example.com,2020-10-19,38,Tuvalu,frequent
294,Sheena,Rosales,znelson@example.org,2024-01-29,33,Greenland,one_time
295,Francisco,Stevens,jennifer05@example.com,2020-06-18,34,Montenegro,occasional
296,Emily,Lee,gwilcox@example.com,2019-01-09,43,Benin,one_time
297,Richard,Davis,thomasboyle@example.org,2019-04-02,26,Eritrea,occasional
298,Patrick,Griffin,stephanie49@example.net,2022-12-23,60,Montserrat,occasional
299,Alexander,Valdez,bryanwilson@example.com,2021-09-22,59,Cayman Islands,occasional
300,Richard,Shaw,hannah45@example.net,2018-11-19,37,Cyprus,occasional
301,Jeffrey,Anderson,spencerzhang@example.com,2018-09-26,47,Israel,regular
302,Jacqueline,Durham,kathleenbecker@example.net,2022-06-13,38,Tunisia,frequent
303,Kristin,Fox,christian91@example.org,2018-08-21,66,Switzerland,occasional
304,Amy,Wagner,franklinbond@example.com,2023-07-03,22,Brazil,one_time
305,Erin,Love,gdavis@example.com,2022-06-29,18,Sudan,regular
306,Brian,Anderson,dbryant@example.net,2018-09-17,47,Kyrgyz Republic,occasional
307,Emily,Parker,fosterlisa@example.net,2018-09-28,57,Cuba,one_time
308,Beth,Williams,isabella80@example.org,2024-12-10,54,Vietnam,frequent
309,Thomas,Mitchell,kaylacannon@example.net,2020-07-13,24,Oman,occasional
310,Tamara,Brooks,ywest@example.com,2020-07-09,22,Belgium,occasional
311,Felicia,Stanley,desireebailey@example.org,2023-06-04,52,Mauritania,one_time
312,Phillip,Anderson,maryavila@example.com,2024-08-06,31,Kyrgyz Republic,regular
313,Emily,Stephens,pmorrow@example.com,2024-12-08,50,Guatemala,occasional
314,Eric,Lopez,johnsondonna@example.net,2022-11-27,34,Seychelles,one_time
315,Sharon,Small,jamiegarcia@example.org,2020-07-15,26,Kiribati,one_time
316,Carla,Warner,sanchezbradley@example.com,2018-09-24,40,Djibouti,occasional
317,Amber,Webster,taylorvictoria@example.org,2023-02-11,74,Suriname,occasional
318,Sabrina,Johnston,joel28@example.org,2021-04-23,22,Isle of Man,occasional
319,Kevin,Brown,conniesimmons@example.com,2020-09-21,74,Australia,one_time
320,Teresa,David,ufloyd@example.net,2024-03-29,33,Israel,occasional
321,Ricky,Evans,karenwells@example.org,2018-12-21,41,French Southern Territories,frequent
322,Meredith,Thomas,jmelendez@example.com,2021-01-08,36,Israel,one_time
323,Angela,Anderson,jonathanrivera@example.org,2018-02-06,28,Uzbekistan,occasional
324,Shannon,Watson,brettbennett@example.net,2020-12-01,46,Netherlands,occasional
325,Benjamin,Jones,timothybooth@example.com,2018-06-29,71,Gabon,regular
326,Susan,Smith,suzannewilson@example.com,2019-01-15,52,United States Virgin Islands,occasional
327,John,Munoz,randyallen@example.com,2019-01-10,63,Singapore,occasional
328,Justin,Owens,kyle58@example.com,2021-12-29,37,Lao People's Democratic Republic,occasional
329,Corey,Zavala,ugill@example.org,2022-11-03,57,Heard Island and McDonald Islands,regular
330,Lawrence,Williams,joycesmith@example.net,2021-06-02,69,Vietnam,occasional
331,Brandy,Cortez,elijah53@example.com,2024-09-23,59,Montenegro,one_time
332,Martha,Porter,jonathan77@example.com,2020-07-14,51,Chile,frequent
333,Jessica,Bell,jenniferfreeman@example.net,2020-04-10,18,Norway,one_time
334,Susan,Warren,landryelizabeth@example.org,2023-11-29,60,Isle of Man,occasional
335,Derrick,Mccoy,mannalbert@example.net,2019-12-15,70,Korea,one_time
336,Nathaniel,Williamson,bhopkins@example.org,2024-09-26,53,Martinique,one_time
337,Andrea,Smith,amanda40@example.net,2018-02-08,37,Suriname,occasional
338,Heidi,Jordan,danieldavis@example.org,2024-10-17,60,Dominican Republic,one_time
339,James,Fox,joseph61@example.com,2018-05-18,24,Iraq,one_time
340,Stephen,Sanchez,kevinclayton@example.org,2024-02-09,74,Palau,occasional
341,Victoria,Santos,davisnicholas@example.net,2021-03-05,26,Lebanon,occasional
342,Brian,Smith,christopherbruce@example.net,2024-12-30,34,Slovenia,occasional
343,Mark,Madden,jacobsonsamantha@example.org,2018-08-24,25,Croatia,one_time
344,Rachel,Schwartz,enelson@example.net,2021-04-16,74,Uzbekistan,one_time
345,Juan,Daniels,whitemelissa@example.org,2024-10-16,24,Cote d'Ivoire,one_time
346,Brenda,Goodwin,thickman@example.org,2021-02-26,65,Mongolia,occasional
347,John,Davenport,irhodes@example.com,2021-10-27,53,Hungary,one_time
348,Karla,Taylor,masonterri@example.org,2022-05-27,27,Bolivia,regular
349,Samuel,Roberson,cassie99@example.com,2020-11-08,35,Singapore,occasional
350,Mark,Walters,whenry@example.net,2021-10-21,36,Wallis and Futuna,frequent
351,Nicholas,Lopez,nmiller@example.com,2021-06-05,56,South Georgia and the South Sandwich Islands,occasional
352,John,Jones,eric26@example.com,2024-03-12,31,Guyana,occasional
353,Daniel,Smith,sean41@example.org,2018-05-25,63,Benin,occasional
354,Jacob,Cole,fgarcia@example.com,2020-04-05,39,Micronesia,occasional
355,Christopher,George,michelle04@example.com,2024-08-16,31,Iceland,occasional
356,Kimberly,Hardy,ashleyjackson@example.com,2024-02-06,61,Chile,occasional
357,Dominic,Turner,kthomas@example.com,2020-11-10,58,Falkland Islands (Malvinas),regular
358,Robert,Washington,wardsheryl@example.net,2021-09-28,72,Niue,occasional
359,Tyler,Jensen,trodriguez@example.org,2020-04-01,34,Yemen,regular
360,Randall,Skinner,vbrock@example.com,2019-08-24,50,Grenada,frequent
361,Ryan,Colon,kevinmorrison@example.net,2020-11-23,49,Cook Islands,occasional
362,Timothy,Thompson,snovak@example.net,2020-06-21,34,Puerto Rico,occasional
363,Cynthia,Faulkner,markramirez@example.com,2021-06-03,75,Haiti,occasional
364,Daniel,Elliott,erinpierce@example.net,2018-09-05,72,Kyrgyz Republic,occasional
365,Sherry,Clark,marie16@example.net,2024-11-01,21,Luxembourg,occasional
366,Donald,Turner,donna66@example.org,2024-12-09,23,Kiribati,one_time
367,Vicki,Mendoza,sferguson@example.com,2022-06-04,58,Mayotte,occasional
368,Benjamin,Schmitt,rodriguezjohn@example.net,2021-03-19,45,Guinea,occasional
369,Gabriel,Salazar,vrasmussen@example.com,2020-05-05,71,Botswana,frequent
370,Alex,Green,seanmyers@example.net,2023-06-08,35,Namibia,occasional
371,Hannah,Hernandez,webbkenneth@example.org,2022-04-22,20,Brazil,occasional
372,Marie,Cross,larry73@example.net,2019-06-03,18,Liberia,occasional
373,Michael,Davis,tflores@example.org,2024-04-12,39,Sudan,occasional
374,Jennifer,Johnson,deborah23@example.net,2023-07-05,67,China,occasional
375,Andrea,Rivera,omullen@example.com,2024-08-14,26,Norfolk Island,occasional
376,Jack,Davidson,vfoster@example.net,2022-08-31,58,Turks and Caicos Islands,one_time
377,James,Vargas,nsmith@example.org,2021-09-06,34,Fiji,one_time
378,Karen,Stokes,raylauren@example.net,2020-09-12,28,Colombia,one_time
379,Michael,Gonzalez,bakermichelle@example.net,2024-06-21,65,Northern Mariana Islands,one_time
380,Lawrence,Price,wmatthews@example.com,2023-11-21,46,Tanzania,frequent
381,Stephen,Thompson,samantha91@example.net,2018-05-25,53,Burkina Faso,regular
382,Lawrence,Allen,whiteheather@example.net,2018-03-26,63,Iceland,frequent
383,Robert,Taylor,fhenderson@example.net,2020-07-15,45,Mauritania,occasional
384,Heather,Brewer,angelaburns@example.org,2023-05-28,53,Colombia,one_time
385,Leonard,Hayes,glennstephanie@example.com,2024-12-12,18,Burkina Faso,regular
386,James,Cruz,fortiz@example.com,2019-04-25,25,Russian Federation,one_time
387,Mary,Burns,cunninghamlaura@example.org,2021-07-07,22,French Guiana,frequent
388,Antonio,Walker,gary79@example.net,2020-07-20,74,Sierra Leone,one_time
389,Katie,Dunn,armstrongjoseph@example.net,2024-10-18,62,Swaziland,occasional
390,Vicki,Weaver,wolfscott@example.org,2023-09-06,75,Jamaica,regular
391,Curtis,Greer,kennethkidd@example.com,2023-08-25,27,Estonia,occasional
392,Michael,Montoya,hgrimes@example.org,2020-12-01,52,Cote d'Ivoire,regular
393,Lisa,Matthews,michelle96@example.org,2020-09-06,20,Nicaragua,regular
394,Donald,Clark,lindahudson@example.net,2020-03-28,71,Fiji,occasional
395,Candice,Jackson,keith48@example.net,2018-06-29,41,Suriname,one_time
396,Cody,Estes,rsellers@example.net,2023-11-17,55,Brunei Darussalam,occasional
397,Jacqueline,Anderson,jenniferpoole@example.net,2023-06-05,53,India,occasional
398,Tracy,Ray,courtney67@example.org,2025-01-21,27,North Macedonia,occasional
399,Laura,Mack,rrobertson@example.net,2025-01-11,45,Vietnam,one_time
400,Natalie,Gibson,amurphy@example.net,2021-04-18,26,Bermuda,regular
401,Jessica,Ellis,melissa86@example.org,2023-01-16,20,Japan,occasional
402,Mallory,Simpson,maria58@example.net,2024-07-29,37,Bulgaria,regular
403,Ashlee,Washington,patricia00@example.org,2023-09-30,41,Niue,regular
404,Kristen,Stevens,nobleeric@example.com,2020-02-29,75,Afghanistan,occasional
405,Victoria,Patterson,nicoleturner@example.com,2020-11-02,68,Bermuda,regular
406,Diamond,Wright,elizabeth20@example.com,2019-02-17,73,Niue,occasional
407,Kevin,Lyons,rubendavis@example.org,2024-08-28,20,Afghanistan,one_time
408,Jason,Miller,aprilwallace@example.org,2021-08-14,75,Qatar,regular
409,Matthew,Martinez,ebenson@example.org,2019-12-31,40,Denmark,occasional
410,Patrick,Cross,garciamichael@example.com,2022-03-11,31,Burundi,regular
411,Patrick,Li,darlenebyrd@example.org,2021-09-21,61,Marshall Islands,one_time
412,Anna,Bishop,scottbowen@example.net,2020-06-26,33,San Marino,occasional
413,Edward,Jenkins,fheath@example.org,2018-12-29,60,Burundi,one_time
414,Karen,Lawrence,bbell@example.com,2022-03-11,24,Somalia,occasional
415,Donald,Hill,wrightcarolyn@example.net,2021-02-21,40,New Caledonia,frequent
416,Justin,Pugh,abbottdominique@example.com,2023-01-26,67,Costa Rica,occasional
417,April,Hicks,dphillips@example.org,2021-02-21,53,Lithuania,one_time
418,Paul,Allen,ricetiffany@example.com,2023-10-08,74,Vietnam,occasional
419,Leslie,Hughes,rdiaz@example.org,2021-04-13,73,Serbia,one_time
420,Thomas,Archer,smithcarlos@example.com,2021-04-27,44,Cuba,one_time
421,Bill,Brown,ohunter@example.net,2023-12-25,57,Macao,regular
422,Katie,Henderson,imiller@example.net,2020-08-19,65,Nicaragua,regular
423,Eric,Miller,dixonjames@example.org,2019-03-04,27,Mauritania,occasional
424,Mark,Willis,collinssamuel@example.org,2018-04-02,33,Azerbaijan,occasional
425,John,Middleton,chavezchelsea@example.com,2022-12-02,73,Papua New Guinea,one_time
426,Judith,Yang,smithderrick@example.org,2021-09-28,28,Central African Republic,one_time
427,Tyler,Reed,gary24@example.net,2022-06-23,69,Turks and Caicos Islands,occasional
428,David,Yoder,lindsay48@example.org,2019-11-11,69,Estonia,regular
429,Jennifer,Ray,crawfordwilliam@example.org,2019-03-12,29,Luxembourg,one_time
430,Michele,Jackson,jonathangarcia@example.net,2018-02-16,74,Peru,regular
431,Jennifer,Perez,williamsmichelle@example.org,2020-06-18,44,Aruba,one_time
432,Thomas,Reyes,haroldhorne@example.org,2021-06-23,19,Micronesia,occasional
433,Linda,Klein,pwalker@example.com,2020-08-01,29,United States Virgin Islands,occasional
434,Jennifer,Nelson,duncandavid@example.net,2020-10-12,65,United Arab Emirates,frequent
435,Brian,Walker,finleycasey@example.com,2024-03-22,39,Tonga,occasional
436,Justin,Kirk,christopher70@example.com,2020-06-15,68,Cook Islands,occasional
437,Kelly,Mueller,stevenvargas@example.com,2021-02-11,44,Sierra Leone,occasional
438,Kimberly,Oconnor,edwardrandolph@example.org,2023-03-03,69,Djibouti,regular
439,Amber,Fields,tapiaaaron@example.net,2020-08-08,60,Honduras,one_time
440,Melinda,Acosta,harristonya@example.com,2021-10-04,73,Liechtenstein,one_time
441,Susan,Kaufman,jenniferdavis@example.org,2023-11-09,65,Ukraine,regular
442,Megan,Gutierrez,stephen19@example.org,2024-08-13,69,Madagascar,frequent
443,Dennis,Wilkins,vargasbryan@example.net,2019-04-15,33,Bulgaria,frequent
444,Joel,Green,sara65@example.com,2024-06-01,35,Korea,occasional
445,Joseph,Jones,derekcarrillo@example.org,2021-01-07,28,Cape Verde,occasional
446,Daniel,Cole,richard85@example.org,2020-03-12,68,Korea,occasional
447,Kyle,Baker,davislindsey@example.com,2020-11-16,62,Sweden,regular
448,Janet,Morrison,marymurphy@example.org,2024-11-19,24,Rwanda,occasional
449,John,Kelly,byrdjorge@example.org,2021-01-08,42,Antarctica (the territory South of 60 deg S),occasional
450,Stephanie,Bond,codygarcia@example.org,2020-05-26,73,British Virgin Islands,occasional
451,Alexander,Greer,davidcolon@example.com,2021-11-09,20,Poland,one_time
452,Crystal,Newman,samantha10@example.org,2020-02-06,72,Congo,regular
453,Rachel,Ramos,christopherboone@example.com,2018-08-31,48,British Virgin Islands,occasional
454,Brad,Murray,sandrahamilton@example.net,2019-02-16,32,Indonesia,occasional
455,Tyler,Reyes,nthompson@example.org,2019-02-13,30,Falkland Islands (Malvinas),occasional
456,Joshua,Stephenson,mendezchristina@example.net,2019-04-30,70,French Polynesia,one_time
457,Victor,Andrade,rbrown@example.com,2019-03-19,47,Burundi,occasional
458,Robert,Day,crystalpham@example.org,2021-12-03,40,Hong Kong,one_time
459,Kimberly,Howard,kcooper@example.net,2019-08-04,37,Gibraltar,regular
460,Paul,White,carla04@example.org,2020-06-13,70,Sudan,regular
461,Victoria,Moreno,terrigarcia@example.net,2024-02-27,68,Dominican Republic,one_time
462,Joseph,Velasquez,gallagherstacie@example.net,2020-12-09,73,Tanzania,occasional
463,Toni,Price,gregorywatkins@example.net,2022-02-26,32,Qatar,regular
464,Michael,Vargas,stacey92@example.net,2019-07-04,32,Yemen,frequent
465,Jacob,Travis,lweaver@example.com,2019-09-06,19,Argentina,frequent
466,Christopher,Hall,andrewwoods@example.com,2018-05-11,60,United States Virgin Islands,one_time
467,Christina,Drake,jennifer50@example.org,2019-06-23,30,Cameroon,regular
468,Brenda,Stark,mathismichelle@example.org,2020-04-02,43,Holy See (Vatican City State),occasional
469,Janet,Bates,rogersmarcus@example.org,2019-07-19,39,Saint Martin,regular
470,Stacy,Conner,lbanks@example.net,2018-10-10,35,Monaco,occasional
471,Heather,Mcfarland,jeffrey92@example.com,2019-01-20,73,Gambia,frequent
472,Jessica,Phillips,jessicarush@example.net,2020-11-18,22,India,occasional
473,Melissa,Townsend,whitelucas@example.net,2019-10-21,67,Cyprus,frequent
474,Danielle,Garcia,vtaylor@example.org,2020-07-03,35,Dominica,one_time
475,Michael,Flores,underwoodelizabeth@example.net,2021-01-25,40,Turks and Caicos Islands,regular
476,Matthew,Smith,johnjones@example.com,2022-05-10,59,Solomon Islands,occasional
477,Daniel,Smith,akim@example.org,2018-05-06,50,Turks and Caicos Islands,one_time
478,Robert,Macias,amy17@example.net,2023-04-23,43,Pakistan,occasional
479,Katherine,Perez,cjones@example.com,2021-10-23,61,Angola,occasional
480,Lucas,Lynn,petersonpamela@example.org,2018-09-18,71,Saint Martin,occasional
481,Charles,Mcmahon,morgantricia@example.com,2023-12-15,52,Romania,occasional
482,Anthony,Dunlap,catherinehamilton@example.org,2024-05-14,39,Bolivia,occasional
483,Mark,Mccann,uterry@example.net,2018-07-14,19,Mauritius,one_time
484,Joseph,Campbell,codylong@example.net,2020-04-01,25,Tajikistan,occasional
485,Travis,Brown,pattersonkelly@example.net,2023-05-14,74,Niue,occasional
486,Caroline,Gonzalez,clarkdanielle@example.org,2022-11-10,34,Lebanon,one_time
487,Megan,Parker,qruiz@example.com,2019-08-12,29,Bermuda,occasional
488,Darlene,Hughes,nicole52@example.com,2019-10-30,55,Aruba,frequent
489,Jose,Marshall,maryelliott@example.org,2020-07-09,34,Sao Tome and Principe,occasional
490,Heather,Davis,lindsey69@example.org,2020-12-26,20,Micronesia,one_time
491,Bruce,Hughes,rsheppard@example.com,2021-09-22,24,Montserrat,regular
492,Nicole,Alvarez,fostermelissa@example.org,2020-07-07,56,Macao,occasional
493,Ashley,Black,davidtodd@example.org,2020-11-21,45,Yemen,regular
494,Tracey,Stanton,davidhenderson@example.net,2022-11-08,40,Jordan,occasional
495,James,Carson,maryscott@example.net,2018-04-28,64,United States Virgin Islands,frequent
496,Lindsay,Miller,rarnold@example.net,2020-03-06,68,Kuwait,occasional
497,Sally,Smith,jrodriguez@example.org,2022-07-22,38,Montenegro,one_time
498,Brianna,Chang,buckleyanna@example.org,2024-02-22,45,Solomon Islands,occasional
499,Justin,Nichols,natalie46@example.net,2021-02-08,56,Libyan Arab Jamahiriya,occasional
500,Ashley,Kennedy,joshuathomas@example.net,2021-03-12,50,Pitcairn Islands,one_time
501,Heather,Williams,hannah07@example.com,2018-12-08,25,Ukraine,one_time
502,Nathan,Morgan,larry71@example.org,2020-10-28,42,Burkina Faso,regular
503,Kevin,Manning,joseph69@example.net,2021-03-13,75,Benin,occasional
504,Jacob,Lewis,wfigueroa@example.net,2020-02-13,54,Trinidad and Tobago,regular
505,Nathaniel,Brown,cameronmckinney@example.com,2020-03-23,30,Burkina Faso,one_time
506,Kimberly,Warren,thompsonnancy@example.org,2020-07-16,34,Taiwan,one_time
507,Brian,Johnson,hulljanet@example.com,2018-03-06,20,Heard Island and McDonald Islands,occasional
508,Madison,Wagner,maldonadojohn@example.com,2020-05-19,63,Nepal,one_time
509,Sean,Horne,wmatthews@example.com,2019-11-06,45,Central African Republic,occasional
510,Mary,Green,mitchellpaul@example.org,2020-05-24,18,Timor-Leste,occasional
511,Ashley,Hanna,deborahbyrd@example.com,2019-01-18,51,Pakistan,frequent
512,Robert,Smith,wellsdavid@example.org,2024-02-07,69,Netherlands Antilles,one_time
513,Lauren,Walker,jennifer46@example.com,2021-07-05,52,Timor-Leste,regular
514,Michael,King,hturner@example.net,2022-04-04,61,Indonesia,one_time
515,Breanna,Smith,anna99@example.com,2023-03-21,64,French Southern Territories,one_time
516,Gabrielle,Olson,vanessa54@example.com,2021-01-18,65,Palau,one_time
517,Jennifer,Stafford,jacob83@example.org,2018-10-05,65,Sri Lanka,frequent
518,Meredith,Patrick,rguerrero@example.org,2021-03-20,60,Saint Helena,occasional
519,Anthony,Jimenez,jordan66@example.com,2021-06-14,30,Saint Pierre and Miquelon,regular
520,Austin,Erickson,matthewreeves@example.net,2022-11-01,41,Martinique,occasional
521,Danielle,Alvarez,william28@example.org,2020-10-03,45,French Polynesia,frequent
522,Connor,Anderson,jessica82@example.net,2019-02-11,22,United Arab Emirates,one_time
523,Matthew,Davis,jeffrey46@example.com,2020-04-08,60,Holy See (Vatican City State),occasional
524,Jorge,Carter,ruizmichelle@example.net,2020-07-01,39,Mozambique,occasional
525,Sheryl,Jones,vincentdillon@example.com,2021-12-19,57,Marshall Islands,occasional
526,Kenneth,Brown,derrickgonzalez@example.com,2021-05-13,38,Montenegro,occasional
527,Patricia,Hatfield,lesliebaldwin@example.org,2020-06-24,60,Libyan Arab Jamahiriya,occasional
528,Marvin,Hatfield,cynthia07@example.com,2024-12-09,72,Cote d'Ivoire,occasional
529,Kathleen,Jackson,tracygallagher@example.org,2021-08-13,25,Bulgaria,one_time
530,Christina,Schultz,epatterson@example.com,2020-01-27,64,Albania,occasional
531,Benjamin,Gonzalez,stephanie58@example.org,2018-11-21,75,Andorra,one_time
532,Erica,Sims,jeremywiley@example.com,2019-05-03,37,Bulgaria,one_time
533,Curtis,Gordon,gary04@example.com,2020-02-24,50,Korea,regular
534,Jessica,Carlson,ryan25@example.com,2019-05-28,37,Guinea-Bissau,one_time
535,Karen,Martin,osmith@example.net,2019-08-19,60,Bulgaria,regular
536,Jason,Johnson,daviddawson@example.org,2020-04-09,44,Honduras,one_time
537,Nancy,Scott,wheelerbrandon@example.org,2019-07-08,38,Palau,occasional
538,Mary,Williams,butleromar@example.net,2024-02-27,43,El Salvador,one_time
539,Thomas,Hernandez,turnerdorothy@example.net,2018-09-13,62,Mali,one_time
540,Joseph,Obrien,robertroach@example.net,2021-02-28,36,Saint Helena,one_time
541,Christine,Campbell,jimenezchelsea@example.com,2020-08-30,53,Switzerland,one_time
542,Alexandra,Harris,cphillips@example.net,2024-11-26,26,Luxembourg,occasional
543,Renee,Watts,arivera@example.org,2018-12-24,30,Paraguay,frequent
544,Christopher,Rodriguez,fhernandez@example.net,2020-08-10,44,Belarus,occasional
545,Jennifer,Garcia,dawn74@example.com,2024-10-16,60,Kyrgyz Republic,regular
546,Brendan,Li,phelpsmichael@example.net,2023-11-19,42,Germany,occasional
547,Ronald,Wilson,smithdevon@example.net,2023-06-18,61,Chile,occasional
548,Mark,Kline,natalie15@example.com,2020-03-11,65,Cocos (Keeling) Islands,one_time
549,Daniel,Ross,ynelson@example.net,2019-06-30,75,Thailand,occasional
550,Timothy,Fisher,danielhorton@example.org,2022-03-01,29,Western Sahara,one_time
551,Megan,Garcia,rpham@example.com,2024-06-10,57,Cocos (Keeling) Islands,regular
552,Cheryl,Maxwell,huffmannichole@example.net,2021-04-21,54,Uganda,one_time
553,David,Knapp,clayscott@example.org,2021-05-14,37,Eritrea,one_time
554,Diana,Smith,tiffanysantiago@example.com,2020-04-04,43,Maldives,occasional
555,Alexandra,Haynes,reynoldsjessica@example.com,2023-01-17,53,Guatemala,occasional
556,Elizabeth,Davidson,marygrant@example.net,2019-08-20,71,Austria,one_time
557,Alexander,Michael,kchristian@example.org,2020-05-20,18,Sao Tome and Principe,regular
558,Travis,Allen,brent38@example.net,2020-09-23,37,Honduras,occasional
559,Richard,Young,kwallace@example.com,2021-02-01,36,Benin,occasional
560,Melissa,West,hooperjulie@example.org,2020-02-13,31,Bosnia and Herzegovina,regular
561,Richard,Johnson,petersenlatoya@example.net,2019-01-02,45,Northern Mariana Islands,occasional
562,Kevin,Romero,diamondbryant@example.com,2021-08-28,68,Haiti,frequent
563,Marcia,Velasquez,xrivera@example.net,2020-04-13,55,Netherlands Antilles,frequent
564,Thomas,Sandoval,wwilson@example.net,2021-05-30,56,Cyprus,regular
565,Aaron,Kelly,amy51@example.org,2019-05-08,59,Ukraine,one_time
566,Frank,Taylor,nrodriguez@example.org,2020-12-21,38,Comoros,occasional
567,David,Phelps,stephenharrington@example.net,2021-03-13,47,Guadeloupe,one_time
568,Daniel,Perry,bartonshannon@example.net,2018-06-15,46,Namibia,occasional
569,Stephanie,Taylor,vsmith@example.org,2020-06-03,46,Micronesia,occasional
570,Savannah,Roberson,xglass@example.org,2019-03-05,61,Puerto Rico,occasional
571,Beth,Cross,dalesandoval@example.net,2018-07-22,31,Turkmenistan,occasional
572,Marc,Keith,spetty@example.org,2024-12-20,50,Falkland Islands (Malvinas),regular
573,Raymond,Cooper,shawn22@example.com,2020-05-19,48,Netherlands,occasional
574,Holly,Goodman,megan85@example.net,2023-05-26,68,Saint Pierre and Miquelon,regular
575,Selena,Chen,jasonklein@example.net,2020-03-08,75,Guatemala,occasional
576,Samantha,Anderson,williambenson@example.com,2022-04-11,68,Russian Federation,occasional
577,Darrell,Bell,qaguilar@example.net,2022-12-19,65,Israel,regular
578,Emily,English,natalie60@example.net,2021-07-12,28,Botswana,frequent
579,Anthony,Thomas,gonzalezkaren@example.org,2020-12-06,60,France,one_time
580,Frances,Thomas,vaughnkenneth@example.net,2020-09-01,23,Antigua and Barbuda,occasional
581,Michael,Chavez,juliahoffman@example.org,2020-06-16,36,Malawi,frequent
582,Kristen,Lindsey,heather06@example.com,2024-06-11,50,Israel,one_time
583,Sue,Daugherty,tammy00@example.net,2023-07-31,60,El Salvador,frequent
584,James,Melton,ogreer@example.net,2024-10-02,58,Russian Federation,occasional
585,Deborah,Fischer,kimberlybrandt@example.com,2019-02-01,57,Kiribati,one_time
586,Gregory,Fleming,sydneymoss@example.org,2022-09-16,39,Honduras,regular
587,Billy,Ramirez,david94@example.org,2024-07-09,23,Greenland,regular
588,Steven,Pineda,hernandezmarcus@example.org,2019-08-02,70,Singapore,regular
589,Sarah,Gilbert,tracy98@example.com,2018-08-01,66,Barbados,occasional
590,Kristen,Stewart,susanmeyer@example.net,2022-10-19,33,Cayman Islands,regular
591,Robert,Herrera,baileynicole@example.net,2021-05-19,61,Greenland,occasional
592,Mark,Carter,wbarajas@example.net,2023-09-05,37,Algeria,frequent
593,Danny,Reed,rebeccaaustin@example.net,2019-03-22,32,Ecuador,occasional
594,Susan,Fleming,patrick16@example.com,2023-04-09,69,Mauritius,one_time
595,Jennifer,Johnson,willie87@example.com,2019-10-06,30,Aruba,one_time
596,Kenneth,Pearson,willie12@example.net,2019-06-07,27,Martinique,occasional
597,Adrian,Jones,michellecoleman@example.org,2019-06-09,19,Costa Rica,occasional
598,Amanda,Park,elucas@example.net,2023-06-10,20,Poland,occasional
599,Eric,Stevens,benjamin10@example.org,2022-02-18,33,South Africa,occasional
600,Johnathan,Jones,rhondarussell@example.com,2021-02-26,48,Norfolk Island,occasional
601,Richard,Stewart,inunez@example.org,2020-06-27,57,Norway,regular
602,Jennifer,Brown,haynescharles@example.net,2023-12-27,72,Botswana,one_time
603,Keith,Jennings,campbellsara@example.com,2020-08-01,67,Indonesia,occasional
604,Lynn,Johnson,amandataylor@example.com,2023-06-16,22,South Africa,regular
605,Lauren,Gardner,kennetheaton@example.net,2020-10-15,47,Oman,occasional
606,Nathan,Herring,davidsmith@example.net,2020-07-16,44,India,occasional
607,Amanda,Arroyo,jason53@example.com,2020-11-21,74,United Kingdom,one_time
608,Debbie,Hunt,jackjensen@example.com,2020-04-27,58,Congo,one_time
609,Danny,Lambert,yorksarah@example.net,2022-11-08,54,Kyrgyz Republic,one_time
610,Deanna,Jones,kingjames@example.net,2021-01-24,30,Libyan Arab Jamahiriya,frequent
611,Stephanie,Howard,craigharvey@example.org,2020-01-11,63,Ghana,occasional
612,Todd,Murphy,heather29@example.net,2024-03-07,62,Haiti,occasional
613,Lindsey,Benjamin,adamsanchez@example.org,2020-07-23,42,Rwanda,frequent
614,Jodi,Graham,dennis57@example.com,2021-03-30,49,Kiribati,regular
615,Michael,Torres,thompsoncatherine@example.com,2024-03-29,43,Togo,one_time
616,Margaret,Vance,josemercado@example.org,2021-10-11,33,Saint Lucia,regular
617,Charles,Smith,hessbeth@example.net,2019-01-08,27,Croatia,occasional
618,Rebecca,Arnold,jvaldez@example.com,2024-07-14,59,India,regular
619,Jeffrey,Barton,dennis88@example.org,2021-10-22,62,Indonesia,frequent
620,Michael,Smith,melaniedrake@example.net,2020-06-01,18,Poland,regular
621,Gabriel,Palmer,kmoore@example.net,2019-03-21,75,Palestinian Territory,one_time
622,Monica,Thomas,ccrosby@example.org,2023-04-05,66,Senegal,one_time
623,Tony,Brown,jim38@example.com,2021-09-28,73,Iceland,one_time
624,Terry,Gibson,williamsdeborah@example.org,2021-03-14,67,Romania,occasional
625,Tanya,Schultz,mary49@example.net,2024-02-18,74,Montenegro,regular
626,Glenn,Valdez,briana18@example.com,2023-03-19,24,Honduras,occasional
627,Teresa,Walker,wgomez@example.com,2019-04-29,67,Somalia,occasional
628,Timothy,Munoz,scotthall@example.net,2020-05-08,45,Norway,one_time
629,Juan,Hernandez,michaellove@example.org,2020-03-01,32,Panama,frequent
630,Jerry,Shepherd,olsontimothy@example.org,2022-10-28,29,Nauru,occasional
631,Evan,Whitaker,sanchezdavid@example.net,2018-04-17,69,Central African Republic,regular
632,Dennis,Hunt,brianscott@example.org,2021-05-11,62,Maldives,occasional
633,Susan,Greene,johnsjessica@example.com,2022-12-26,51,Yemen,one_time
634,Christopher,Cole,kdillon@example.org,2023-12-25,47,Switzerland,occasional
635,Robert,Thomas,cindydixon@example.org,2020-06-09,21,Saint Kitts and Nevis,occasional
636,Gina,Nielsen,hallpaul@example.org,2023-07-01,53,Andorra,occasional
637,James,Heath,mserrano@example.org,2018-12-19,33,Christmas Island,occasional
638,Thomas,Mendez,richamanda@example.org,2023-09-20,72,Bermuda,one_time
639,Timothy,Anderson,princekimberly@example.net,2019-02-11,25,Jersey,one_time
640,Alexa,Wood,wolferoy@example.com,2020-08-09,47,Somalia,one_time
641,Kayla,Bell,colemanjonathan@example.org,2023-04-16,26,United States of America,one_time
642,Michele,Campbell,ascott@example.net,2019-04-24,69,Samoa,occasional
643,Kristine,Lane,meyernicholas@example.org,2020-01-02,47,Portugal,occasional
644,Linda,Ortiz,mooredenise@example.com,2022-08-19,60,Eritrea,occasional
645,Melissa,Henderson,cheryl63@example.com,2022-08-12,51,Micronesia,regular
646,Kristen,Olson,angie74@example.com,2021-12-04,53,Morocco,one_time
647,Maxwell,Thornton,melissahopkins@example.net,2022-05-21,56,Denmark,frequent
648,Sean,Lyons,craigromero@example.com,2021-03-29,38,Spain,one_time
649,Andrea,Terry,martintamara@example.org,2020-03-05,66,Spain,occasional
650,Christopher,Thomas,qdavis@example.org,2020-06-13,75,Heard Island and McDonald Islands,occasional
651,Christopher,Johnson,zarias@example.net,2019-08-03,46,Palau,occasional
652,Abigail,Dawson,bautistalori@example.net,2024-04-04,57,Lithuania,one_time
653,Scott,Harris,james98@example.net,2021-06-03,70,Qatar,occasional
654,Jesse,Jackson,warddiana@example.org,2020-08-15,64,Benin,occasional
655,Wendy,Chan,elizabeth69@example.org,2020-11-20,75,Maldives,frequent
656,Alexis,Padilla,dunnjessica@example.net,2024-08-06,50,United States Virgin Islands,occasional
657,Brandi,Bailey,jeremy37@example.com,2019-05-05,45,Morocco,regular
658,Adam,Thompson,hansenwesley@example.com,2021-06-12,71,Yemen,one_time
659,Daryl,Palmer,nancy94@example.net,2021-01-29,53,Kenya,occasional
660,Tammy,Hart,katherineali@example.com,2021-08-31,46,Pitcairn Islands,occasional
661,Steven,Matthews,olsonjonathan@example.com,2018-02-27,75,North Macedonia,frequent
662,Kristina,Robinson,laurengutierrez@example.com,2023-12-11,28,Maldives,frequent
663,Amanda,Haynes,john16@example.net,2024-06-19,65,San Marino,one_time
664,Lori,Jones,thomasgomez@example.net,2021-05-04,73,Ethiopia,frequent
665,Ian,Reese,victorgonzalez@example.net,2022-05-30,48,Dominican Republic,frequent
666,Monique,Clark,maryhuff@example.com,2024-05-19,46,Cape Verde,frequent
667,Kimberly,Wilson,loweelizabeth@example.net,2022-07-03,34,Albania,one_time
668,Kathryn,Weaver,charlesnathan@example.com,2019-05-02,66,Lithuania,one_time
669,Rachael,Ibarra,travis84@example.com,2021-05-22,33,Cyprus,occasional
670,Karen,Anderson,imendoza@example.org,2021-08-16,71,Macao,regular
671,Michael,Dalton,stephenmartinez@example.net,2020-09-21,58,Kuwait,occasional
672,Leslie,Smith,nicolasgarcia@example.com,2022-10-04,35,New Zealand,one_time
673,Michelle,Lopez,joel79@example.com,2024-06-26,67,Haiti,occasional
674,Ivan,Coleman,xhaynes@example.com,2024-05-29,67,Timor-Leste,regular
675,Richard,Hayes,tiffanyparks@example.org,2020-11-03,51,Saint Helena,regular
676,Joseph,Young,mchase@example.org,2018-12-28,49,South Georgia and the South Sandwich Islands,frequent
677,Susan,Hernandez,thompsonvictor@example.net,2024-12-04,58,Maldives,occasional
678,Amanda,Stewart,jevans@example.net,2023-08-27,33,Australia,one_time
679,Raymond,Vaughn,lewisjonathan@example.net,2019-02-02,35,Bhutan,regular
680,Shannon,Cook,michael84@example.com,2024-05-14,46,Angola,frequent
681,Robert,Bell,barbarasantos@example.net,2023-12-03,22,China,frequent
682,Tiffany,Mitchell,emily77@example.org,2021-02-19,63,Hong Kong,one_time
683,Christina,Ford,mirandadavidson@example.com,2021-06-28,36,Italy,regular
684,Crystal,Duncan,millermatthew@example.com,2020-08-12,33,Ghana,one_time
685,Denise,Page,cnelson@example.com,2018-06-24,35,San Marino,occasional
686,Brenda,Sheppard,bjackson@example.org,2020-06-02,39,Saint Lucia,occasional
687,Jimmy,King,clarkrandy@example.org,2023-05-04,38,Bahrain,regular
688,Sharon,Kennedy,johnsonrandy@example.org,2018-01-15,75,Bosnia and Herzegovina,regular
689,Jose,Moore,pparker@example.net,2020-05-31,52,Finland,occasional
690,Scott,Martinez,anthonyalvarado@example.com,2020-08-11,23,Tonga,one_time
691,Thomas,Proctor,amy28@example.org,2021-03-21,26,Nauru,occasional
692,Carla,Welch,omills@example.net,2024-05-11,27,Georgia,occasional
693,Regina,Olson,lindaramos@example.com,2020-06-13,32,Isle of Man,frequent
694,Jordan,Torres,millskatherine@example.org,2020-06-14,42,Guatemala,one_time
695,Justin,Nichols,earroyo@example.com,2022-10-07,62,Algeria,one_time
696,Katie,Yates,laurakelley@example.org,2020-11-05,27,Isle of Man,regular
697,Nicole,Kim,frankmclaughlin@example.com,2019-12-18,63,Switzerland,one_time
698,Nicholas,Baker,hgarrett@example.net,2020-11-05,31,Sri Lanka,occasional
699,Heather,Nelson,robert12@example.org,2019-03-26,22,French Guiana,occasional
700,Daniel,Gibson,nnelson@example.com,2019-07-17,44,Comoros,one_time
701,Malik,Hernandez,lopezcurtis@example.com,2021-01-17,44,Brunei Darussalam,one_time
702,Jennifer,Acosta,christophersmith@example.org,2020-09-13,39,Guam,occasional
703,Robert,Floyd,dbolton@example.net,2024-04-25,52,Somalia,regular
704,Anthony,Miller,brianrowe@example.org,2020-07-01,47,Mayotte,occasional
705,Theodore,Lee,lisa01@example.net,2021-05-29,44,Egypt,one_time
706,Paul,Proctor,joanjohnson@example.com,2021-11-05,21,Saint Pierre and Miquelon,regular
707,Kelli,Boyd,thomasmaldonado@example.com,2018-02-11,31,Vietnam,occasional
708,Marcus,Soto,garnerandrea@example.org,2022-02-13,71,El Salvador,occasional
709,Timothy,Evans,paige31@example.org,2019-07-22,44,North Macedonia,occasional
710,Ryan,Smith,brenda63@example.org,2024-09-19,42,Armenia,occasional
711,Bianca,Vazquez,nathandavis@example.org,2019-04-20,75,Luxembourg,one_time
712,Christopher,Montgomery,browndeanna@example.net,2020-09-06,67,Mauritania,regular
713,Lacey,Martinez,levigrant@example.net,2018-09-30,55,Saudi Arabia,regular
714,Michael,Snow,andrewgray@example.net,2025-01-12,62,Burkina Faso,regular
715,John,Williams,ihansen@example.net,2021-01-24,19,Liechtenstein,one_time
716,James,Lopez,mario74@example.net,2021-07-11,72,United States Virgin Islands,occasional
717,Michelle,Martin,shannonweiss@example.net,2018-08-02,74,Haiti,regular
718,Shawn,Parsons,bgross@example.net,2022-11-16,66,Togo,one_time
719,Michael,Oliver,jennifer86@example.org,2019-11-01,54,Malta,one_time
720,Felicia,Cannon,chloemorris@example.net,2024-03-02,42,Gibraltar,one_time
721,Daniel,Mills,williamssharon@example.org,2019-10-17,48,Tunisia,one_time
722,Anthony,Rodriguez,coreyduncan@example.com,2019-09-01,18,Palestinian Territory,regular
723,Tracy,Hanson,brandon39@example.net,2018-04-27,40,Barbados,one_time
724,Alexander,Mccall,fhebert@example.com,2020-12-06,37,Spain,occasional
725,Danielle,Ward,yshort@example.net,2021-05-03,66,Azerbaijan,one_time
726,Madison,Baker,navarromary@example.org,2018-07-29,42,Western Sahara,one_time
727,Jason,Stone,hardyamanda@example.org,2023-02-05,72,Congo,one_time
728,Alicia,Wright,angelagrant@example.net,2020-11-06,75,Botswana,occasional
729,Katie,Ray,bpark@example.org,2021-02-28,71,Chad,regular
730,Laura,Pierce,diane89@example.com,2020-10-18,44,Venezuela,occasional
731,Michael,Edwards,megan66@example.net,2020-08-15,52,Gibraltar,one_time
732,Charlene,Hart,nicholaspierce@example.net,2021-04-25,65,Equatorial Guinea,one_time
733,Michael,Chavez,csmith@example.com,2019-05-11,65,Nepal,frequent
734,Allen,Taylor,adam33@example.com,2019-08-04,52,Angola,regular
735,Kelsey,Harding,samantha88@example.net,2023-11-08,69,Vanuatu,regular
736,Ashley,Davis,ikelly@example.com,2024-08-03,56,Haiti,one_time
737,Pamela,Wright,lisa19@example.com,2020-07-12,75,Montenegro,one_time
738,Samantha,Navarro,laura27@example.net,2020-03-25,32,Reunion,regular
739,Barbara,Velez,benjamin96@example.org,2021-12-13,49,Slovakia (Slovak Republic),occasional
740,Brian,Wise,nichole66@example.org,2020-08-27,32,Trinidad and Tobago,one_time
741,Kaylee,Adkins,walterscrystal@example.org,2018-03-22,35,Gambia,one_time
742,Alice,Flores,markwolfe@example.org,2019-05-14,45,Australia,occasional
743,Emily,Osborn,kmullins@example.net,2022-07-30,49,Bermuda,occasional
744,Jeffrey,Roberts,vhernandez@example.org,2022-01-29,19,Lebanon,occasional
745,Ashley,Williams,zbaker@example.net,2018-03-28,42,Jordan,regular
746,Kim,Anderson,timothygonzalez@example.com,2019-12-10,39,Pakistan,occasional
747,Ashley,Hoffman,johnadams@example.com,2020-01-08,60,Gibraltar,occasional
748,Gail,Johnston,powersrodney@example.com,2022-03-12,61,Comoros,one_time
749,Malik,Wheeler,carrillogary@example.com,2018-03-04,69,Nicaragua,occasional
750,Lorraine,Lang,scottglass@example.org,2018-11-29,43,Cook Islands,one_time
751,Gina,Moore,rodriguezbrian@example.net,2023-04-24,64,Vanuatu,regular
752,Dylan,Wall,alexander14@example.com,2019-07-24,28,Latvia,occasional
753,Andrew,Clark,jamesmills@example.com,2022-01-10,71,Mexico,frequent
754,Timothy,Blair,heatherbarnett@example.com,2020-01-30,47,Myanmar,regular
755,Rebecca,Rose,george43@example.net,2018-11-14,26,Niger,one_time
756,Joseph,Marshall,jonesdonna@example.net,2020-02-15,57,Timor-Leste,one_time
757,Roberta,Ward,smithmichelle@example.net,2022-08-20,52,Hungary,frequent
758,Jerry,James,mckeetodd@example.net,2023-10-19,19,Martinique,occasional
759,Christopher,Gonzalez,tcastro@example.org,2023-07-30,43,Armenia,one_time
760,John,Moreno,tracy20@example.com,2020-08-09,55,Poland,regular
761,Michael,Garrett,wendyirwin@example.com,2022-02-28,54,Sudan,occasional
762,Bryan,Scott,bzamora@example.net,2019-10-16,60,Yemen,one_time
763,Joshua,Hernandez,fsandoval@example.net,2020-04-18,19,Hong Kong,occasional
764,Abigail,Gregory,robertberry@example.com,2024-02-26,23,Georgia,regular
765,Renee,Murphy,jamietaylor@example.net,2018-02-11,59,Poland,occasional
766,Lauren,Huffman,haley82@example.com,2018-09-30,45,United States of America,one_time
767,Theresa,Thomas,lonniegrant@example.net,2019-10-26,26,British Indian Ocean Territory (Chagos Archipelago),occasional
768,Jack,Franco,jessicacannon@example.com,2018-03-26,73,Isle of Man,frequent
769,Kevin,Reese,edwin31@example.org,2019-08-02,47,Colombia,one_time
770,Anthony,Odom,catherine93@example.net,2021-06-01,29,Djibouti,frequent
771,Jerry,Johnson,wattsthomas@example.net,2020-09-17,21,Tanzania,one_time
772,Cassandra,Joseph,jack67@example.com,2024-02-14,34,Burundi,regular
773,Frank,Perez,aduran@example.com,2023-06-19,42,Zambia,one_time
774,Robert,Newton,katherinejones@example.com,2020-06-09,38,Tonga,occasional
775,Christina,Watts,bclay@example.com,2020-03-13,31,Singapore,occasional
776,Bobby,Moss,zcortez@example.net,2020-07-19,47,Wallis and Futuna,regular
777,Julia,Wheeler,meyershannon@example.org,2021-06-25,38,Turkey,occasional
778,Wendy,Stone,cterrell@example.net,2020-03-22,39,Iceland,one_time
779,Zachary,Mccoy,leescott@example.com,2021-10-11,66,Singapore,one_time
780,Maria,Murray,dphillips@example.net,2020-08-29,74,Maldives,occasional
781,Rebecca,Ford,gdavis@example.org,2021-04-13,42,Cocos (Keeling) Islands,occasional
782,Kimberly,Pace,phillipmorris@example.org,2020-10-10,35,Christmas Island,one_time
783,Shawn,Mosley,nicoledavis@example.com,2020-04-19,66,Puerto Rico,one_time
784,Deborah,Dawson,jennifermartinez@example.org,2024-08-10,71,Romania,occasional
785,Shannon,Cox,gacosta@example.net,2022-12-29,44,Zambia,occasional
786,Ernest,Pierce,taterhonda@example.net,2019-03-23,34,Tunisia,occasional
787,Donna,Hernandez,haroldjoseph@example.com,2023-11-29,71,Gambia,occasional
788,Kyle,Mack,lroberts@example.org,2020-12-31,23,United Arab Emirates,frequent
789,David,Harris,alexander77@example.net,2024-02-20,48,Sri Lanka,occasional
790,Adam,Andrade,jaykeller@example.com,2023-04-24,19,Ireland,occasional
791,Scott,Burke,sanchezamy@example.net,2020-09-23,65,Niue,one_time
792,Angela,Bryan,lopezbrian@example.com,2018-03-13,52,Argentina,frequent
793,Dustin,Johnson,mark10@example.org,2020-03-23,21,Israel,occasional
794,Victoria,Martin,cheryl99@example.net,2021-03-27,40,Christmas Island,occasional
795,Tammy,Curry,sarah14@example.com,2021-11-09,32,Heard Island and McDonald Islands,occasional
796,Priscilla,Wilkins,ebridges@example.com,2020-03-11,59,Latvia,frequent
797,Dennis,Neal,mark68@example.org,2019-03-21,22,Qatar,occasional
798,Jason,Brown,webbhaley@example.net,2023-08-14,67,France,occasional
799,Ronald,Abbott,alicia95@example.org,2024-12-03,59,Nicaragua,occasional
800,Anna,Stone,lvasquez@example.net,2021-03-02,20,Djibouti,occasional
801,Jeanette,Krause,wilsonsteven@example.org,2019-07-02,66,Saint Pierre and Miquelon,occasional
802,Melanie,Marsh,vgutierrez@example.com,2020-03-27,19,Monaco,one_time
803,Linda,Lewis,hannahking@example.org,2018-02-28,33,Gambia,regular
804,Kevin,Pierce,wilsonmathew@example.com,2024-04-23,30,Saint Kitts and Nevis,one_time
805,Ashley,Choi,jamesbass@example.net,2019-01-11,71,Lesotho,occasional
806,Sabrina,Robles,timothyburton@example.net,2021-05-22,19,Ukraine,frequent
807,Matthew,Bowers,dreilly@example.net,2020-03-29,57,French Southern Territories,frequent
808,Annette,Gregory,clarkgina@example.com,2021-04-16,27,Bahrain,occasional
809,Tara,Ramirez,morgannicholas@example.net,2022-01-06,33,Tajikistan,one_time
810,Gabriel,Obrien,brookehancock@example.com,2023-07-28,26,Romania,one_time
811,Michaela,Mckinney,robert73@example.com,2019-10-21,48,Korea,one_time
812,Maria,Turner,gregory50@example.org,2018-02-05,60,United States Minor Outlying Islands,occasional
813,Christopher,Hunter,jstein@example.org,2019-03-13,25,Guam,occasional
814,Sandra,Oconnor,kimberly21@example.net,2024-03-09,54,Philippines,regular
815,Victoria,Harris,stevensjennifer@example.net,2023-12-16,31,Brazil,occasional
816,Adam,Randolph,cookpamela@example.org,2021-07-17,47,Mali,occasional
817,Katie,Reese,lanelarry@example.org,2021-07-27,62,Gibraltar,frequent
818,James,Mitchell,kendra14@example.org,2022-02-18,34,Cayman Islands,regular
819,Joshua,Smith,clarkmichael@example.com,2019-07-14,67,Faroe Islands,occasional
820,Donald,Bush,audrey21@example.com,2024-04-23,41,New Zealand,one_time
821,Patricia,Fernandez,andersonthomas@example.net,2020-09-12,28,Australia,one_time
822,Daniel,Brown,tmyers@example.net,2020-07-23,56,Uganda,one_time
823,Brittany,Huff,tjensen@example.com,2021-02-19,56,Svalbard & Jan Mayen Islands,occasional
824,James,Chang,beltrankatelyn@example.com,2018-05-30,65,Montenegro,occasional
825,David,Hess,tdavis@example.net,2019-06-15,63,Norway,occasional
826,Jennifer,Marshall,staceythomas@example.net,2022-10-09,25,Eritrea,one_time
827,Roberta,Myers,kristina57@example.com,2018-09-22,67,Antarctica (the territory South of 60 deg S),regular
828,Cameron,Rodriguez,kmurray@example.com,2021-08-05,70,Seychelles,occasional
829,Michael,Andrews,sullivanjennifer@example.org,2020-02-22,28,Greece,one_time
830,Angela,Jones,amanda69@example.com,2020-07-29,37,Dominican Republic,occasional
831,Christine,Kelley,vreyes@example.org,2020-04-13,24,Suriname,occasional
832,Heather,Reynolds,vbradley@example.net,2020-06-23,55,Puerto Rico,occasional
833,Joel,Bates,stevensonjennifer@example.com,2022-08-09,19,Brazil,regular
834,Brittany,Ford,shortgregory@example.com,2020-04-22,37,Bangladesh,occasional
835,Carmen,Jennings,pmurphy@example.net,2021-05-06,54,Bahamas,occasional
836,Christopher,Montoya,shermandonna@example.com,2020-12-13,61,Martinique,frequent
837,Kelly,Gilbert,rgonzalez@example.com,2022-02-14,42,French Southern Territories,frequent
838,Ashley,Gentry,samantha65@example.org,2024-07-04,43,Myanmar,one_time
839,Alan,Downs,sabbott@example.org,2022-09-21,63,Heard Island and McDonald Islands,regular
840,Rachel,Faulkner,warnerlori@example.com,2019-11-17,30,Bouvet Island (Bouvetoya),occasional
841,Michelle,Glenn,ryanlawrence@example.net,2018-04-10,22,Ghana,regular
842,Jennifer,Sullivan,qgardner@example.org,2020-03-16,55,Lebanon,one_time
843,Don,Peters,mary24@example.net,2021-07-10,62,Brunei Darussalam,regular
844,Dennis,Jones,thomasnicole@example.net,2018-06-14,71,Jordan,occasional
845,Theresa,Taylor,dawnperry@example.com,2021-01-14,58,Uganda,one_time
846,Kristina,Munoz,dhanson@example.net,2021-07-15,33,Jamaica,one_time
847,Andrea,Cole,jeremiah69@example.org,2020-06-01,24,Morocco,regular
848,Tyrone,Simon,robert89@example.com,2023-01-22,62,Antigua and Barbuda,one_time
849,Tiffany,Carroll,daniel71@example.org,2018-12-07,67,Saint Lucia,occasional
850,Jessica,Terrell,steven18@example.net,2018-08-28,37,Benin,occasional
851,John,Mccoy,suttonamber@example.net,2022-09-07,72,Georgia,regular
852,Chloe,Berger,harrisonwilliam@example.com,2021-01-13,61,Montserrat,frequent
853,Jessica,Fisher,keith09@example.net,2022-05-04,56,Gabon,one_time
854,Jessica,Elliott,sotobelinda@example.net,2020-10-08,69,Austria,occasional
855,Diana,Carter,mitchellchristopher@example.net,2020-02-26,25,Belarus,occasional
856,Melissa,Ramirez,christinahill@example.com,2023-06-24,68,American Samoa,one_time
857,Judith,Munoz,donnawood@example.org,2023-04-23,54,Eritrea,one_time
858,Kimberly,Young,laurenatkins@example.com,2022-05-24,68,Belize,regular
859,Tammy,Larson,marymullins@example.com,2020-03-27,20,Sierra Leone,occasional
860,Patrick,Guerrero,jasonnavarro@example.com,2021-06-24,40,Austria,regular
861,Dawn,Campos,williamssteven@example.com,2020-06-29,52,Gabon,one_time
862,Thomas,Vaughan,noahthornton@example.com,2018-10-20,45,Estonia,occasional
863,Dustin,Berg,robertslaura@example.com,2024-05-03,60,Philippines,one_time
864,Leslie,Moreno,davisamanda@example.com,2019-03-13,41,Zimbabwe,frequent
865,Megan,Bishop,matthew41@example.com,2024-08-16,22,Palau,frequent
866,Breanna,Murray,jessicachapman@example.org,2020-10-26,50,Mali,regular
867,Matthew,Vaughn,lawrencesmith@example.org,2019-08-14,59,Switzerland,regular
868,Carlos,Jenkins,jenningsmichael@example.net,2021-03-28,39,Finland,regular
869,Johnathan,Johnson,brownbrooke@example.org,2023-12-13,18,Zambia,one_time
870,Carol,Martinez,millercassandra@example.com,2022-09-20,72,Palestinian Territory,regular
871,Kathryn,Wong,pauladominguez@example.com,2023-05-15,44,French Polynesia,regular
872,Steven,Mayer,rlivingston@example.com,2022-01-29,70,Puerto Rico,one_time
873,Rebecca,Carrillo,jonathan14@example.org,2022-05-16,49,Hong Kong,occasional
874,Paul,Ferrell,stephanie42@example.com,2023-09-28,24,Bangladesh,one_time
875,Travis,Mcfarland,fwhite@example.org,2020-03-03,45,Cambodia,frequent
876,Amber,Reynolds,gainesjennifer@example.org,2021-01-03,41,Antigua and Barbuda,occasional
877,Charles,Duncan,kimberly07@example.org,2019-12-07,58,Palau,frequent
878,Danielle,Fitzpatrick,sadams@example.com,2024-12-13,75,United Kingdom,frequent
879,Peter,Smith,zmendoza@example.net,2024-07-27,71,Slovakia (Slovak Republic),one_time
880,Lisa,Jones,aaronfinley@example.com,2018-05-06,47,British Virgin Islands,regular
881,Ashley,Donovan,mathew46@example.org,2022-06-27,63,Norfolk Island,occasional
882,Wendy,Holland,amanda51@example.com,2024-05-28,27,Senegal,occasional
883,Katie,Holland,angelaponce@example.net,2019-07-31,45,Comoros,occasional
884,Kent,Price,mccoymichael@example.org,2021-05-08,29,Turks and Caicos Islands,one_time
885,Cynthia,Moss,austinjohnson@example.net,2024-04-27,64,Dominican Republic,frequent
886,Tracy,Brown,victor70@example.org,2018-04-19,51,Guadeloupe,occasional
887,Brian,French,sullivanjason@example.net,2022-06-01,59,Papua New Guinea,one_time
888,Alexandra,Bentley,joycehall@example.org,2020-04-22,35,Argentina,occasional
889,Jill,Burns,ruizsamantha@example.org,2024-05-25,57,Ecuador,one_time
890,Jacqueline,Anderson,cynthiaconway@example.org,2024-10-21,69,Korea,frequent
891,Cheryl,Conley,meyersdaniel@example.com,2024-07-28,52,Nepal,occasional
892,Lauren,Walker,ronaldcain@example.net,2020-12-10,67,Philippines,regular
893,Richard,Martinez,marcoconnell@example.org,2023-11-08,48,Serbia,one_time
894,Brandon,Thompson,martinezdonald@example.com,2023-09-14,47,Chile,one_time
895,Heather,Tran,lsanchez@example.org,2020-05-15,45,Burkina Faso,regular
896,Craig,Boone,bstrickland@example.com,2023-07-26,70,Belgium,occasional
897,Adam,White,mannbrittney@example.com,2018-04-29,64,Israel,regular
898,Heather,Sparks,nschwartz@example.org,2021-07-14,55,Northern Mariana Islands,occasional
899,Joseph,Cole,sharonbishop@example.org,2020-01-04,35,Nepal,occasional
900,Hector,Porter,burtonkimberly@example.com,2019-01-20,38,Italy,one_time
901,Adam,Young,downstiffany@example.net,2018-09-03,72,Guyana,occasional
902,Michelle,Hatfield,stevensims@example.org,2022-05-29,33,Falkland Islands (Malvinas),occasional
903,Brian,Rodriguez,ginaschmitt@example.com,2020-06-07,71,Luxembourg,regular
904,Gregory,Santiago,brownmichael@example.org,2022-08-28,23,Jordan,regular
905,John,Jensen,vwilliams@example.org,2018-07-28,35,Uzbekistan,regular
906,Amanda,Moore,washingtondarren@example.org,2020-05-11,74,Saint Helena,regular
907,Sean,Riley,rgonzalez@example.com,2021-03-24,46,Denmark,one_time
908,Kimberly,Nguyen,youngrobert@example.org,2023-03-26,33,Honduras,occasional
909,Patricia,Jones,bbrown@example.org,2020-05-15,66,Cuba,occasional
910,Sarah,Gibson,dbrooks@example.net,2021-10-16,47,Congo,regular
911,Crystal,Cantrell,matthewjohnson@example.net,2024-01-24,54,Bahamas,one_time
912,Juan,Rodriguez,kellis@example.com,2021-09-14,57,Cyprus,one_time
913,Olivia,Munoz,belindatran@example.org,2020-01-14,60,Benin,frequent
914,Robert,Boyd,brittanyhood@example.com,2018-03-19,42,American Samoa,one_time
915,Jessica,Fitzgerald,johnhamilton@example.org,2023-12-04,39,Uganda,occasional
916,Sara,Shah,butlerbradley@example.com,2018-03-09,19,Saint Martin,frequent
917,Kayla,Johnson,zmendoza@example.net,2023-12-19,49,Swaziland,occasional
918,Corey,Simpson,hansenalexander@example.net,2021-03-07,72,Ireland,occasional
919,Stephanie,Anderson,john10@example.com,2024-07-11,38,Paraguay,regular
920,Kevin,Warner,braysteven@example.org,2023-04-21,29,Tunisia,one_time
921,Jacqueline,Lopez,courtney01@example.com,2025-01-15,49,Uganda,one_time
922,Hannah,Schmidt,ronald49@example.net,2020-06-18,31,Morocco,occasional
923,Laura,French,olivermatthew@example.org,2023-01-10,40,Malaysia,occasional
924,Sierra,Leonard,rodriguezmichael@example.net,2020-08-17,69,Armenia,occasional
925,Michael,Thompson,castrokim@example.org,2020-12-19,34,Grenada,occasional
926,John,Wilson,wmclaughlin@example.net,2021-10-21,39,Tunisia,occasional
927,Susan,Clark,lukehurst@example.net,2023-12-16,35,Pitcairn Islands,frequent
928,Rodney,Brown,michael78@example.net,2024-12-02,74,Switzerland,occasional
929,David,Mckinney,shannon51@example.org,2023-01-13,56,Uganda,one_time
930,Nicole,Miller,shurst@example.org,2020-09-11,62,Botswana,occasional
931,Fred,Rodriguez,tylergolden@example.net,2020-09-17,74,Zambia,frequent
932,Courtney,Carter,thomasfisher@example.net,2022-10-07,35,Oman,one_time
933,Andrew,Lopez,wigginsjesse@example.net,2020-02-01,53,Oman,regular
934,Matthew,Lane,todd88@example.com,2018-12-19,18,Kuwait,regular
935,Kevin,Anderson,george43@example.com,2020-06-22,51,Holy See (Vatican City State),regular
936,Tara,Carrillo,hernandezjustin@example.org,2020-04-12,30,Niger,occasional
937,Sandra,Joseph,ian22@example.org,2020-04-21,23,Dominica,one_time
938,Daryl,Chaney,scottwood@example.org,2020-01-16,33,Monaco,occasional
939,Jasmine,Wade,earl78@example.org,2018-05-15,64,Martinique,regular
940,Kevin,Knapp,xvelazquez@example.org,2018-02-27,44,Yemen,one_time
941,Stephen,Flores,cordovaamy@example.net,2024-12-13,49,Greenland,one_time
942,Deborah,Phillips,tara92@example.net,2020-09-27,53,Saint Lucia,one_time
943,Rebecca,Ramos,dennisrachel@example.org,2020-07-24,66,Philippines,regular
944,Andrea,Parker,owilliamson@example.com,2022-04-06,33,Guinea-Bissau,occasional
945,Christopher,Brown,brandywalker@example.com,2019-11-28,62,Congo,one_time
946,Andrew,Ryan,frhodes@example.net,2024-08-15,48,India,one_time
947,James,Stewart,kerrmichael@example.org,2023-03-12,59,Saint Barthelemy,frequent
948,Melissa,Wood,alexander55@example.com,2018-10-13,63,Kiribati,frequent
949,Nancy,Miller,afigueroa@example.com,2020-09-11,49,France,occasional
950,Frank,Luna,achandler@example.org,2024-01-02,46,Syrian Arab Republic,one_time
951,Brenda,Miller,kevinmcneil@example.net,2024-07-29,68,Grenada,occasional
952,Carl,Choi,adavis@example.net,2020-11-29,19,United States Virgin Islands,occasional
953,Joshua,Thompson,wpage@example.org,2021-09-06,23,Cook Islands,regular
954,Jacob,James,twilliams@example.net,2019-06-17,36,Gabon,occasional
955,Troy,Singh,anthonysmith@example.com,2024-12-24,32,French Southern Territories,one_time
956,Stephanie,Flowers,qmartinez@example.com,2020-01-10,43,Israel,occasional
957,Harry,Knox,anthonyhubbard@example.com,2024-07-23,62,Bangladesh,one_time
958,Carol,Cox,qcunningham@example.net,2021-12-31,33,Poland,one_time
959,Thomas,Benson,brooksjessica@example.org,2021-08-19,37,Tanzania,regular
960,Jordan,Perkins,luisjohns@example.org,2021-02-09,60,Guinea-Bissau,occasional
961,Frank,Nelson,wfields@example.org,2020-01-06,55,French Guiana,regular
962,Kelly,Fowler,palmerkatie@example.org,2019-07-18,41,Serbia,one_time
963,Cody,Goodwin,monique44@example.net,2019-12-05,48,Qatar,occasional
964,Haley,Davis,madeline02@example.net,2019-08-18,53,Finland,occasional
965,Nathan,Washington,samantha21@example.org,2023-02-18,51,Cape Verde,one_time
966,Wesley,Decker,butlersabrina@example.org,2020-06-17,40,Svalbard & Jan Mayen Islands,occasional
967,David,Smith,larry52@example.com,2018-07-04,45,Tuvalu,one_time
968,Vanessa,Mills,gerald40@example.net,2024-10-15,65,Suriname,occasional
969,David,Anderson,haileyparker@example.org,2024-01-17,53,Bulgaria,regular
970,Tina,Coleman,joneskim@example.com,2024-06-05,39,Armenia,occasional
971,James,Johnson,harrisonrebekah@example.org,2025-01-05,40,Bahrain,one_time
972,Kevin,Smith,pattonsamantha@example.org,2019-07-09,62,Namibia,occasional
973,Rachel,Lopez,anthony24@example.net,2020-08-08,47,Guernsey,one_time
974,Michael,Wyatt,williamjones@example.net,2022-12-12,35,Serbia,one_time
975,Alexis,Robinson,tamarajackson@example.net,2022-05-28,37,Albania,regular
976,Teresa,Garcia,samanthayork@example.com,2019-05-06,34,Haiti,one_time
977,Helen,Lopez,whitemichael@example.com,2023-06-14,32,Jamaica,regular
978,Jason,Perez,juarezleon@example.com,2019-12-17,25,Bouvet Island (Bouvetoya),regular
979,April,Simpson,janet80@example.org,2019-12-15,64,Greece,regular
980,Tristan,Cruz,tburke@example.net,2021-03-20,30,Tajikistan,one_time
981,Scott,Spencer,traci63@example.org,2021-07-03,38,Ukraine,occasional
982,Maureen,Alvarez,harry71@example.com,2021-05-28,25,Kazakhstan,regular
983,Alexandra,Rhodes,thomasrichard@example.net,2018-10-19,65,Bosnia and Herzegovina,occasional
984,Judith,Stafford,calvinhester@example.com,2023-12-28,52,Cook Islands,occasional
985,Brooke,Ewing,hallroger@example.com,2020-03-20,66,Fiji,frequent
986,Kathy,Miranda,katelyn65@example.com,2019-02-18,62,Papua New Guinea,one_time
987,Carrie,Sullivan,jdixon@example.com,2024-02-02,29,Botswana,one_time
988,David,Burns,courtneytaylor@example.org,2024-09-02,30,Saint Pierre and Miquelon,occasional
989,Brian,Jones,stantonpatrick@example.net,2023-11-09,31,Greece,one_time
990,Eric,Howell,wolfdonna@example.net,2023-05-25,65,Seychelles,occasional
991,Travis,Owens,ebony78@example.com,2022-01-18,48,Mauritius,one_time
992,Matthew,Heath,cisnerosanthony@example.com,2021-04-11,35,Turkmenistan,occasional
993,Robin,Reyes,melissa77@example.org,2018-10-05,64,Antigua and Barbuda,occasional
994,Gregory,Hopkins,nicole27@example.com,2020-08-27,55,Burkina Faso,regular
995,Larry,Price,carrolltracy@example.net,2020-07-11,66,Poland,one_time
996,Amber,Harrison,williammyers@example.com,2020-03-13,51,Nauru,occasional
997,Tara,Jensen,katie45@example.org,2022-08-23,56,Antarctica (the territory South of 60 deg S),regular
998,Brittany,Anderson,michael90@example.net,2021-01-13,36,Guam,frequent
999,Oscar,Patterson,robert03@example.org,2018-09-16,24,Dominica,occasional
1000,Deborah,Watkins,meltondanny@example.org,2019-12-04,71,Angola,occasional
